# Blender 5.0.1
# www.blender.org
mtllib Untitled.mtl
o Sphere.003
v 3.724768 0.998178 -0.041812
v 3.671464 0.569520 -0.810751
v 3.676704 0.140858 -0.978468
v 3.679980 -0.146195 -0.977690
v 3.727746 -0.574265 -0.808193
v 3.727746 -0.997577 0.000000
v 3.845304 0.592972 -0.785830
v 3.934608 0.363457 -0.899089
v 3.975223 0.130493 -0.949528
v 3.975215 -0.130512 -0.949526
v 3.953571 -0.335603 -0.903799
v 3.872560 -0.671498 -0.716515
v 3.891390 -0.857380 -0.479618
v 3.806359 -0.907456 -0.399952
v 3.874779 0.857108 -0.484703
v 3.939884 0.742987 -0.625764
v 3.996354 0.592973 -0.747796
v 4.029702 0.425727 -0.841886
v 4.149889 -0.215992 -0.868817
v 4.145751 -0.411271 -0.799937
v 4.029266 -0.597001 -0.732937
v 3.978796 -0.739414 -0.613418
v 4.008376 0.897622 -0.323530
v 4.105517 0.668474 -0.628003
v 4.164680 0.511931 -0.727358
v 4.197482 0.381034 -0.782711
v 4.232530 -0.511931 -0.682021
v 4.080851 -0.800262 -0.473510
v 4.121841 0.794054 -0.450078
v 4.256101 0.679478 -0.497009
v 4.325662 0.519538 -0.597916
v 4.332113 0.304820 -0.724598
v 4.356963 -0.428418 -0.635854
v 4.315828 -0.592972 -0.534331
v 3.994204 -0.905804 -0.312378
v 4.103214 0.901148 -0.191928
v 4.247016 0.802757 -0.275818
v 4.408771 0.592972 -0.409335
v 4.476885 0.375524 -0.527009
v 4.476884 -0.375524 -0.527010
v 4.408771 -0.592972 -0.409335
v 4.299909 -0.734870 -0.348328
v 4.199387 -0.827996 -0.281019
v 4.099919 -0.897561 -0.212162
v 4.385652 0.706604 -0.233929
v 4.475543 0.592972 -0.268607
v 4.475543 -0.592972 -0.268607
v 4.313040 0.802757 -0.056107
v 4.532271 0.574140 -0.088193
v 4.513577 -0.592973 -0.117558
v 4.384358 -0.734991 -0.120713
v 4.286695 -0.800358 -0.184377
v 4.149258 -0.899179 -0.056417
v 3.963003 0.964673 -0.081769
v 4.139777 0.904041 -0.041529
v 4.459790 0.668474 -0.034796
v 4.521412 -0.592973 0.038007
v 4.391296 -0.737354 0.031225
v 4.276027 -0.827996 0.028371
v 4.222259 0.858327 0.085425
v 4.485023 0.631306 0.126348
v 4.510198 -0.579591 0.183109
v 4.145273 -0.898897 0.073109
v 4.039159 0.936567 0.131684
v 4.355177 0.738806 0.223000
v 4.459218 0.597001 0.305057
v 4.188074 -0.853968 0.219603
v 4.177564 0.848055 0.259710
v 4.262120 0.737353 0.394611
v 4.445796 0.505970 0.460945
v 4.476884 -0.375524 0.527009
v 4.412820 -0.509830 0.503059
v 4.342911 -0.679478 0.384383
v 3.899940 0.975010 0.101255
v 4.304999 0.612856 0.527288
v 4.326899 0.422437 0.666371
v 4.326899 -0.422438 0.666371
v 4.262076 -0.592973 0.588081
v 4.095378 -0.827996 0.407754
v 4.001274 -0.901074 0.321117
v 3.856942 -0.963460 0.215203
v 3.939260 0.902459 0.363637
v 4.079204 0.855922 0.366351
v 4.125546 0.738806 0.533999
v 4.166461 0.597001 0.660030
v 4.188143 0.425726 0.766801
v 4.188144 -0.425727 0.766801
v 4.137081 -0.592973 0.681024
v 4.151773 -0.729902 0.523390
v 3.911354 0.827996 0.517402
v 3.952827 0.737354 0.624989
v 4.053276 0.516936 0.781424
v 4.015289 0.336678 0.887197
v 4.029701 -0.425726 0.841886
v 3.996355 -0.592972 0.747796
v 3.950745 -0.738806 0.627432
v 3.911353 -0.827996 0.517402
v 3.821640 0.903875 0.404019
v 3.853073 0.511931 0.839198
v 3.975221 0.130495 0.949527
v 3.859656 -0.425727 0.884618
v 3.845306 -0.592972 0.785830
v 3.855301 -0.899608 0.405076
v 3.674155 0.897622 0.424915
v 3.767333 0.804464 0.583143
v 3.696522 0.737354 0.663550
v 3.689740 0.592972 0.793665
v 3.726043 0.431570 0.892702
v 3.644202 0.148254 0.977076
v 3.681050 -0.241987 0.958737
v 3.684541 -0.425727 0.893354
v 3.689739 -0.592973 0.793665
v 3.708377 -0.746141 0.656503
v 3.701020 -0.853968 0.509326
v 3.586215 0.799294 0.571885
v 3.550806 0.668475 0.711189
v 3.522386 0.511932 0.823278
v 3.590512 0.335604 0.921420
v 3.479696 0.048817 0.956740
v 3.494907 -0.241987 0.931205
v 3.512215 -0.471311 0.847519
v 3.550806 -0.668474 0.711189
v 3.716764 -0.937313 0.333235
v 3.522186 0.901148 0.368181
v 3.325230 0.505735 0.753056
v 3.329939 0.335604 0.842376
v 3.407777 0.284644 0.895592
v 3.297811 0.048817 0.889964
v 3.309482 -0.146241 0.884983
v 3.402217 -0.516936 0.781424
v 3.415459 -0.668474 0.663005
v 3.527702 -0.799294 0.554135
v 3.589794 -0.937827 0.302404
v 3.446727 0.827996 0.471640
v 3.386626 0.738806 0.571870
v 3.221789 0.270519 0.808347
v 3.132449 0.048817 0.788988
v 3.144866 -0.146241 0.786379
v 3.267349 -0.425726 0.766801
v 3.292114 -0.668474 0.589341
v 3.391059 -0.806014 0.474678
v 3.139665 0.592973 0.534330
v 3.101727 0.335603 0.689890
v 3.076569 0.194357 0.718017
v 2.997314 0.109798 0.660631
v 3.002651 -0.146240 0.657555
v 3.101727 -0.335602 0.689890
v 3.473590 -0.935528 0.222660
v 3.319107 0.853968 0.305188
v 3.193747 0.738806 0.397799
v 3.046722 0.592972 0.409334
v 2.992815 0.350959 0.562224
v 2.904643 0.241985 0.493820
v 2.931106 0.032140 0.585369
v 2.904643 -0.241987 0.493819
v 3.027564 -0.400365 0.577718
v 3.000389 -0.511932 0.436933
v 3.193747 -0.738806 0.397799
v 3.256107 -0.827997 0.281019
v 3.446385 0.940151 0.171426
v 3.021183 0.664008 0.214334
v 2.954282 0.475454 0.399816
v 2.850805 0.335604 0.314357
v 2.851108 -0.057543 0.457905
v 2.824119 -0.241987 0.323751
v 2.902326 -0.381034 0.389830
v 2.929123 -0.511931 0.286637
v 3.086942 -0.733682 0.194386
v 3.313126 0.900033 0.090764
v 3.155152 0.800261 0.145022
v 2.904469 0.511932 0.205360
v 2.803506 0.319908 0.150418
v 2.794602 0.172136 0.283066
v 2.748909 0.048817 0.136960
v 2.772918 -0.182423 0.189927
v 2.850987 -0.410668 0.206259
v 2.950817 -0.597002 0.156492
v 3.326398 -0.901074 0.129820
v 3.064197 0.737354 -0.031225
v 2.880224 0.511931 0.040802
v 2.797373 0.342093 0.001802
v 2.744148 0.116485 0.043767
v 2.750066 -0.146242 0.047758
v 2.797699 -0.344931 -0.000001
v 2.872037 -0.497637 0.029298
v 2.991891 -0.666048 0.010290
v 3.226246 0.856337 -0.065322
v 2.950817 0.597002 -0.156493
v 2.823948 0.335604 -0.225825
v 2.768962 0.194356 -0.142525
v 2.748909 0.048817 -0.136960
v 2.759534 -0.146241 -0.143896
v 2.823948 -0.335603 -0.225826
v 2.888549 -0.511932 -0.125325
v 3.070856 -0.737354 -0.098827
v 3.140977 -0.802088 -0.024995
v 3.393850 -0.933998 -0.083530
v 3.588515 0.982108 -0.089104
v 3.403466 0.938441 -0.073200
v 3.100315 0.738806 -0.222999
v 2.932808 0.525684 -0.269725
v 2.844344 0.270865 -0.360283
v 2.794437 0.048816 -0.325291
v 2.820646 -0.165257 -0.364029
v 2.868183 -0.387445 -0.311571
v 3.009041 -0.592973 -0.338836
v 3.007566 -0.647403 -0.221004
v 3.173612 -0.799294 -0.200044
v 3.253556 0.799294 -0.349609
v 3.138406 0.668474 -0.435633
v 3.043089 0.486738 -0.527479
v 2.940089 0.423110 -0.428638
v 2.931268 0.248849 -0.534683
v 2.875832 0.048817 -0.501120
v 2.915099 -0.153191 -0.545913
v 2.960946 -0.425727 -0.460396
v 3.129671 -0.678498 -0.409542
v 3.254237 -0.800262 -0.353105
v 3.576775 -0.979991 -0.087453
v 3.425216 0.903875 -0.283764
v 3.193417 0.592973 -0.588082
v 3.126601 0.425726 -0.662249
v 3.082836 0.241986 -0.710949
v 3.070055 0.048817 -0.737782
v 3.070192 -0.146241 -0.725095
v 3.101727 -0.335603 -0.689890
v 3.157308 -0.511931 -0.628140
v 3.234718 -0.668475 -0.542237
v 3.447864 -0.904706 -0.306585
v 3.399550 0.827996 -0.440117
v 3.329948 0.738806 -0.533999
v 3.276701 0.497638 -0.727773
v 3.199352 0.277572 -0.790799
v 3.226627 0.048817 -0.851915
v 3.224287 -0.146241 -0.839445
v 3.248346 -0.335603 -0.798764
v 3.325230 -0.505734 -0.753056
v 3.349976 -0.668474 -0.628003
v 3.418045 -0.806014 -0.492709
v 3.562173 0.964673 -0.186057
v 3.540588 0.899248 -0.381725
v 3.632541 0.846600 -0.514638
v 3.367065 0.597350 -0.705411
v 3.354402 0.410667 -0.819674
v 3.317713 0.241986 -0.867888
v 3.402457 0.048817 -0.933310
v 3.353166 -0.137464 -0.904318
v 3.455968 -0.327655 -0.895932
v 3.479753 -0.668475 -0.689635
v 3.564581 0.738806 -0.645581
v 3.535633 0.592972 -0.771000
v 3.511086 0.425726 -0.867760
v 3.494907 0.241987 -0.931205
v 3.578290 0.032129 -0.977215
v 3.490170 -0.146241 -0.949578
v 3.522386 -0.511931 -0.823278
v 3.619059 -0.668474 -0.724766
v 3.654595 -0.853968 -0.504753
v 3.595602 -0.903348 -0.395359
v 3.687403 0.963902 -0.244111
v 3.776937 0.923138 -0.371514
v 3.758971 0.737354 -0.663549
v 3.770953 0.425727 -0.893354
v 3.667899 -0.399173 -0.905625
v 3.755795 -0.750518 -0.650756
v 4.164455 0.747818 0.628220
v 4.178888 0.501690 0.445010
v 4.162949 0.356470 0.638532
v 4.168963 0.741571 0.588669
v 4.225837 0.646631 0.468628
v 4.202765 0.572973 0.441958
v 4.214608 0.462414 0.463525
v 4.202023 0.420353 0.492489
v 4.184084 0.727332 0.546735
v 4.258190 0.524416 0.456345
v 4.249935 0.697572 0.523370
v 4.274179 0.588619 0.465519
v 4.280519 0.462732 0.490796
v 4.244126 0.406163 0.519906
v 4.293193 0.652094 0.507360
v 4.293618 0.519560 0.476361
v 4.335949 0.595882 0.522385
v 4.339813 0.538426 0.519218
v 4.289497 0.407615 0.555708
v 4.298155 0.691087 0.560997
v 4.333181 0.673936 0.603399
v 4.342251 0.636203 0.560660
v 4.365407 0.580020 0.570798
v 4.339290 0.460988 0.557429
v 4.270820 0.718393 0.580446
v 4.372145 0.513803 0.594575
v 4.311700 0.407494 0.607683
v 4.238463 0.367365 0.596427
v 4.378835 0.531279 0.644788
v 4.339318 0.433890 0.636628
v 4.285816 0.720038 0.636772
v 4.330523 0.672148 0.685317
v 4.370416 0.507556 0.678825
v 4.333029 0.435537 0.685752
v 4.282409 0.383737 0.650337
v 4.217673 0.742716 0.667575
v 4.275132 0.716001 0.691619
v 4.362149 0.589863 0.711510
v 4.264947 0.383275 0.694942
v 4.265751 0.702778 0.732304
v 4.310667 0.660118 0.738970
v 4.339987 0.503625 0.746444
v 4.316776 0.450959 0.738295
v 4.325984 0.621244 0.753522
v 4.270627 0.654748 0.781264
v 4.271260 0.601751 0.806212
v 4.313323 0.554840 0.784638
v 4.291615 0.489880 0.788666
v 4.259906 0.441882 0.781061
v 4.277559 0.410114 0.735223
v 4.252392 0.541134 0.821948
v 4.244836 0.494963 0.815557
v 4.203188 0.734425 0.708075
v 4.205920 0.703048 0.761405
v 4.199009 0.586564 0.832271
v 4.205513 0.442712 0.799634
v 4.194757 0.522980 0.832502
v 4.207576 0.390809 0.748522
v 4.193897 0.657318 0.805533
v 4.152850 0.475228 0.818853
v 4.164010 0.744243 0.672292
v 4.145869 0.716622 0.742281
v 4.101751 0.670984 0.775104
v 4.125552 0.613693 0.818348
v 4.133867 0.536889 0.829180
v 4.145077 0.382365 0.730655
v 4.069187 0.533243 0.800958
v 4.092661 0.464141 0.790731
v 4.135989 0.407006 0.765521
v 4.053060 0.620029 0.774250
v 4.008270 0.556228 0.737476
v 4.104766 0.711071 0.725236
v 4.042822 0.675569 0.707683
v 4.028553 0.478661 0.741957
v 4.065421 0.430764 0.743456
v 4.118482 0.735062 0.672718
v 4.144383 0.362692 0.675987
v 4.024988 0.671639 0.655783
v 4.003838 0.478293 0.690257
v 4.090515 0.385732 0.693948
v 4.069361 0.713176 0.659741
v 3.990566 0.498493 0.616959
v 4.035607 0.419526 0.659062
v 4.089452 0.376445 0.621077
v 3.999827 0.624397 0.598753
v 3.989600 0.542195 0.585259
v 4.021671 0.440162 0.597179
v 4.034595 0.675768 0.586181
v 4.108983 0.734338 0.618479
v 4.070530 0.705640 0.581017
v 4.036146 0.636592 0.531317
v 4.019691 0.599840 0.529910
v 4.100986 0.377299 0.594555
v 4.103897 0.697484 0.526736
v 4.017620 0.511590 0.530033
v 4.064979 0.452278 0.510528
v 4.071049 0.413759 0.549074
v 4.122358 0.726711 0.568759
v 4.053796 0.589363 0.487765
v 4.072579 0.498345 0.480458
v 4.143908 0.363665 0.596268
v 4.101504 0.659731 0.491367
v 4.086064 0.553572 0.463782
v 4.120035 0.389236 0.545677
v 4.144106 0.591604 0.444659
v 4.122542 0.510337 0.452214
v 4.133387 0.426376 0.490466
v 4.159412 0.631009 0.455695
v 0.918935 0.905636 -0.382424
v 0.904383 0.493422 -0.388793
v 1.001772 0.885170 -0.354908
v 1.030416 0.871306 -0.382840
v 1.118021 0.706888 -0.343089
v 1.065342 0.557772 -0.364884
v 0.999457 0.510759 -0.374771
v 1.068252 0.839150 -0.368649
v 1.093818 0.799664 -0.352879
v 1.108912 0.759897 -0.344507
v 1.107879 0.684175 -0.311662
v 1.104857 0.625390 -0.345772
v 1.006270 0.518727 -0.340421
v 0.948907 0.899221 -0.342668
v 1.061924 0.820109 -0.303043
v 1.088532 0.639918 -0.290041
v 1.073017 0.585764 -0.316143
v 0.948074 0.495448 -0.385765
v 1.015646 0.854808 -0.290950
v 1.081208 0.757034 -0.275476
v 1.078764 0.683384 -0.259648
v 1.030891 0.546827 -0.305986
v 1.056135 0.610792 -0.263046
v 0.996745 0.534998 -0.290442
v 1.034505 0.792741 -0.243351
v 1.039555 0.649871 -0.228550
v 1.009597 0.596564 -0.232953
v 0.954440 0.504471 -0.330423
v 0.935620 0.884162 -0.294537
v 0.969043 0.880694 -0.301259
v 0.967435 0.844637 -0.247299
v 0.994124 0.786906 -0.216196
v 0.997792 0.733998 -0.199081
v 0.992508 0.652242 -0.200058
v 0.994621 0.565525 -0.248855
v 0.941335 0.820138 -0.219996
v 0.953037 0.755792 -0.190250
v 0.946191 0.669703 -0.183725
v 0.942254 0.608722 -0.201788
v 0.929918 0.521572 -0.279990
v 0.900533 0.774110 -0.194260
v 0.919075 0.715364 -0.180166
v 0.927490 0.561247 -0.233448
v 0.893225 0.898235 -0.332318
v 0.896091 0.841054 -0.236056
v 0.888136 0.669671 -0.183603
v 0.881155 0.586077 -0.216061
v 0.871190 0.861579 -0.263858
v 0.856214 0.791389 -0.210430
v 0.852088 0.717719 -0.190586
v 0.850773 0.645463 -0.197879
v 0.802362 0.701861 -0.213319
v 0.833591 0.594967 -0.228596
v 0.834198 0.556726 -0.261307
v 0.908575 0.498704 -0.337904
v 0.801294 0.811206 -0.254748
v 0.795523 0.752794 -0.226088
v 0.797565 0.647307 -0.225773
v 0.798141 0.553331 -0.299167
v 0.851582 0.889925 -0.336122
v 0.823026 0.863846 -0.302118
v 0.754637 0.712516 -0.259188
v 0.756680 0.655418 -0.263069
v 0.771487 0.602787 -0.274246
v 0.854323 0.515177 -0.315111
v 0.770688 0.830628 -0.318729
v 0.739204 0.754821 -0.293915
v 0.860843 0.501308 -0.375221
v 0.888470 0.904014 -0.395251
v 0.814041 0.874246 -0.346274
v 0.727339 0.679224 -0.307739
v 0.738420 0.617455 -0.320168
v 0.764114 0.565074 -0.351097
v 0.818354 0.519726 -0.358337
v 0.734854 0.786115 -0.341394
v 0.715527 0.732571 -0.352936
v 0.710310 0.694852 -0.375356
v 0.779102 0.853931 -0.386790
v 0.735543 0.798474 -0.400755
v 0.722328 0.629919 -0.375335
v 0.775177 0.549303 -0.391166
v 0.841513 0.891927 -0.392551
v 0.753883 0.809518 -0.447082
v 0.719483 0.731483 -0.439955
v 0.722309 0.670944 -0.448084
v 0.732451 0.623497 -0.438537
v 0.744783 0.763166 -0.479785
v 0.762061 0.565049 -0.417757
v 0.818073 0.520849 -0.418743
v 0.799777 0.862230 -0.439162
v 0.750220 0.676051 -0.505240
v 0.800958 0.556607 -0.478420
v 0.783241 0.808116 -0.500315
v 0.771809 0.739140 -0.526682
v 0.765789 0.604071 -0.490580
v 0.839025 0.521016 -0.453318
v 0.874022 0.500095 -0.416472
v 0.830091 0.851217 -0.495067
v 0.792354 0.658939 -0.543855
v 0.819358 0.604782 -0.541395
v 0.846952 0.557977 -0.518158
v 0.864839 0.889023 -0.450802
v 0.895283 0.881233 -0.482600
v 0.836516 0.742884 -0.570050
v 0.869193 0.522158 -0.480402
v 0.872245 0.785859 -0.567422
v 0.852324 0.678524 -0.579806
v 0.851620 0.629162 -0.568052
v 0.936109 0.900126 -0.432123
v 0.879611 0.834428 -0.538106
v 0.939620 0.798947 -0.564055
v 0.904278 0.736224 -0.588247
v 0.912796 0.655932 -0.586639
v 0.901284 0.591134 -0.560342
v 0.919969 0.545802 -0.523119
v 0.919537 0.499975 -0.438834
v 0.930794 0.849356 -0.526448
v 0.938113 0.713812 -0.589203
v 0.938223 0.576267 -0.548655
v 0.917953 0.522307 -0.490934
v 0.977062 0.747218 -0.576416
v 0.963859 0.674331 -0.583942
v 0.973583 0.618314 -0.565766
v 0.969931 0.878582 -0.474029
v 1.007927 0.775759 -0.553940
v 1.015052 0.693676 -0.566946
v 1.032714 0.624590 -0.537587
v 0.998138 0.583641 -0.534526
v 0.979249 0.542645 -0.503527
v 0.989555 0.844001 -0.514394
v 1.023264 0.812135 -0.520259
v 1.056385 0.676271 -0.534648
v 1.031218 0.849655 -0.468390
v 1.064774 0.799753 -0.487010
v 1.060344 0.751507 -0.522636
v 1.068046 0.613481 -0.494802
v 0.961854 0.510209 -0.452984
v 1.103752 0.740939 -0.462663
v 1.091419 0.680137 -0.492914
v 1.045629 0.573642 -0.485307
v 1.011635 0.532075 -0.459566
v 0.989571 0.509493 -0.418468
v 1.003313 0.884629 -0.415773
v 1.070282 0.830454 -0.429993
v 1.100727 0.779203 -0.431244
v 1.105919 0.649570 -0.449011
v 1.070237 0.570019 -0.433052
v 1.116923 0.742839 -0.396235
v 1.119959 0.677491 -0.409374
v 1.103055 0.614926 -0.400775
v 1.035218 0.532939 -0.407623
v 0.975406 0.784111 -0.229061
v 0.967201 0.614383 -0.227358
v 1.049188 0.717393 -0.224080
v 1.000299 0.777992 -0.243245
v 1.025940 0.760483 -0.230555
v 1.047756 0.675737 -0.228637
v 1.029513 0.648829 -0.211305
v 1.039934 0.704232 -0.195169
v 0.990795 0.777128 -0.210510
v 1.004701 0.763596 -0.195749
v 1.016458 0.733505 -0.178324
v 1.028999 0.668262 -0.189477
v 1.007690 0.626471 -0.219468
v 1.011372 0.705652 -0.165468
v 0.979552 0.763919 -0.183118
v 0.999722 0.677928 -0.162240
v 1.000570 0.641990 -0.185030
v 0.976404 0.638730 -0.179135
v 0.981486 0.737643 -0.163126
v 0.971038 0.665876 -0.159053
v 0.947271 0.776465 -0.203959
v 0.955013 0.747478 -0.167872
v 0.961962 0.706422 -0.153037
v 0.949741 0.783239 -0.228420
v 0.967598 0.625354 -0.194662
v 0.929374 0.689572 -0.161529
v 0.928561 0.754056 -0.182834
v 0.912425 0.665533 -0.180048
v 0.940242 0.652289 -0.170760
v 0.900641 0.705801 -0.181946
v 0.923507 0.636180 -0.198766
v 0.905755 0.751576 -0.204219
v 0.887158 0.709318 -0.205712
v 0.890540 0.664572 -0.215184
v 0.911492 0.633247 -0.230929
v 0.885991 0.732047 -0.230884
v 0.880955 0.687376 -0.237099
v 0.941837 0.617850 -0.224820
v 0.914616 0.769189 -0.238478
v 0.893069 0.655507 -0.248477
v 0.941181 0.779475 -0.259280
v 0.887745 0.712863 -0.271898
v 0.887367 0.691482 -0.272042
v 0.895063 0.743271 -0.258411
v 0.899171 0.661787 -0.276792
v 0.920840 0.766213 -0.268043
v 0.906570 0.738830 -0.286940
v 0.914065 0.702185 -0.306952
v 0.921416 0.640427 -0.281596
v 0.937636 0.760437 -0.292318
v 0.931191 0.729314 -0.311209
v 0.913460 0.677514 -0.303324
v 0.933487 0.659222 -0.307566
v 0.946256 0.635832 -0.292756
v 0.960830 0.746469 -0.310690
v 0.944571 0.692139 -0.321138
v 0.942091 0.621264 -0.264911
v 0.968351 0.708096 -0.324281
v 0.972037 0.656700 -0.313585
v 0.968390 0.779873 -0.268573
v 0.994823 0.769032 -0.280666
v 0.971336 0.765723 -0.292827
v 0.997103 0.722877 -0.314504
v 1.022786 0.716033 -0.300222
v 1.005481 0.684591 -0.313437
v 1.001184 0.642071 -0.291983
v 0.975795 0.628090 -0.284994
v 0.968801 0.784420 -0.252416
v 1.023039 0.660467 -0.289001
v 0.995749 0.623447 -0.263669
v 1.032793 0.690153 -0.290589
v 1.041629 0.674547 -0.268984
v 1.016560 0.632520 -0.257038
v 0.966129 0.614781 -0.253217
v 1.048161 0.707749 -0.263389
v 1.017140 0.765562 -0.256595
v 1.034498 0.744870 -0.265413
v 1.035720 0.650949 -0.248950
v 0.994226 0.618679 -0.234781
v 0.452990 1.631809 -1.122910
v 1.030001 1.440246 -1.198637
v 1.421473 0.763229 -1.266311
v 1.443945 0.450311 -1.178255
v 0.863384 1.540108 -1.116892
v 1.175556 1.305018 -1.015276
v 1.287036 1.158200 -1.013156
v 1.373077 0.977548 -0.995170
v 1.425276 0.824722 -1.126228
v 1.432626 0.639412 -0.980644
v 1.036343 1.430580 -1.009558
v 1.144494 1.302706 -0.880177
v 1.263649 1.151166 -0.879137
v 1.331683 0.969831 -0.813476
v 1.394658 0.831351 -0.896317
v 1.399664 0.659770 -0.839403
v 0.642965 1.608514 -1.057535
v 0.853031 1.530273 -0.959282
v 0.960179 1.434492 -0.820163
v 1.083853 1.302707 -0.749937
v 1.266957 1.026286 -0.710899
v 1.341685 0.777915 -0.712422
v 1.353217 0.375984 -0.703931
v 0.998965 1.302707 -0.634026
v 1.149807 1.167476 -0.661771
v 1.118807 1.059959 -0.525720
v 1.229907 0.872971 -0.557812
v 1.190015 0.658391 -0.462677
v 0.746988 1.535380 -0.820624
v 0.828664 1.439888 -0.679099
v 0.872598 1.307907 -0.526082
v 1.006747 1.187026 -0.516351
v 0.989507 1.059958 -0.407300
v 1.105692 0.865442 -0.414926
v 1.045033 0.639191 -0.329551
v 0.674312 1.487635 -0.665086
v 0.841540 1.224722 -0.426594
v 0.853340 1.044901 -0.316084
v 0.954511 0.872971 -0.303512
v 0.881250 0.658392 -0.230886
v 0.564017 1.573294 -0.813384
v 0.679551 1.300281 -0.422726
v 0.733015 1.131870 -0.313786
v 0.769949 0.892787 -0.219637
v 0.696365 0.639198 -0.163378
v 0.531746 1.488199 -0.619002
v 0.519026 1.312730 -0.401067
v 0.580386 1.146163 -0.284024
v 0.593224 0.969835 -0.201941
v 0.604006 0.831351 -0.166208
v 0.507277 0.658452 -0.134898
v 0.340860 1.227203 -0.336287
v 0.410858 0.969835 -0.192279
v 0.413125 0.825698 -0.153737
v 0.310647 0.639287 -0.143278
v 0.332914 1.488199 -0.627220
v 0.295431 1.373037 -0.475936
v 0.180149 1.131870 -0.311335
v 0.230111 0.969834 -0.218380
v 0.160256 0.802454 -0.191222
v 0.124822 0.450292 -0.186232
v 0.309528 1.553021 -0.772171
v 0.153788 1.433525 -0.615403
v 0.053820 1.281105 -0.484106
v 0.143301 1.226464 -0.389481
v 0.037408 1.010742 -0.304961
v -0.041741 0.865463 -0.296779
v -0.053408 0.639286 -0.272321
v -0.162912 0.954138 -0.417564
v -0.203082 0.785374 -0.398216
v -0.208650 0.450281 -0.383117
v 0.142152 1.538107 -0.848271
v 0.124566 1.490153 -0.735774
v -0.037457 1.373037 -0.672507
v -0.114554 1.232177 -0.569824
v -0.235648 1.065802 -0.554846
v -0.320227 0.865464 -0.548989
v -0.340367 0.639284 -0.530858
v -0.042883 1.462228 -0.887272
v -0.166526 1.364134 -0.858456
v -0.227229 1.227204 -0.712237
v -0.324133 1.044900 -0.667574
v -0.415632 0.872990 -0.712517
v -0.416879 0.659834 -0.653977
v -0.305748 1.224723 -0.877670
v -0.388011 1.059957 -0.818496
v -0.476239 0.874861 -0.879148
v -0.477117 0.638941 -0.783925
v 0.056602 1.537034 -0.988104
v -0.133662 1.427631 -1.006407
v -0.257897 1.314326 -0.999919
v -0.340395 1.227203 -1.079421
v -0.431240 1.059958 -0.988419
v -0.503776 0.875255 -1.027636
v -0.537972 0.450302 -1.067649
v 0.022084 1.530220 -1.124694
v -0.040869 1.491611 -1.236567
v -0.205910 1.373037 -1.219091
v -0.440488 1.059957 -1.163510
v -0.525146 0.777910 -1.162072
v -0.529568 0.375325 -1.266209
v -0.400339 1.086974 -1.347455
v -0.451410 0.872992 -1.446927
v -0.489926 0.673037 -1.424815
v 0.140569 1.570202 -1.250700
v -0.079989 1.433524 -1.373946
v -0.210405 1.302708 -1.434363
v -0.315297 1.146165 -1.483039
v -0.334855 1.058749 -1.551533
v -0.427348 0.805193 -1.545561
v -0.399939 0.375304 -1.631306
v 0.231964 1.573294 -1.366387
v -0.002050 1.439888 -1.484904
v -0.085197 1.343348 -1.560609
v -0.160879 1.233741 -1.622157
v -0.323920 0.872992 -1.688008
v -0.302615 0.673043 -1.762675
v 0.012881 1.302706 -1.708915
v -0.172777 1.063991 -1.761868
v -0.210968 0.777908 -1.842246
v -0.140456 0.375310 -1.919010
v 0.283183 1.535134 -1.508517
v 0.121898 1.441047 -1.601831
v 0.135662 1.302708 -1.783515
v 0.026336 1.192225 -1.825270
v -0.009638 1.059960 -1.888366
v -0.075648 0.879335 -1.924587
v 0.270638 1.302705 -1.832732
v 0.177387 1.057272 -1.976330
v 0.120905 0.865460 -2.026775
v 0.209372 0.375263 -2.085513
v 0.451101 1.533812 -1.548413
v 0.412620 1.302707 -1.854666
v 0.406768 1.146163 -1.970155
v 0.402609 0.969835 -2.053130
v 0.341934 0.867422 -2.080797
v 0.410509 1.599842 -1.361362
v 0.538595 1.434494 -1.707346
v 0.582248 1.273720 -1.874586
v 0.573226 0.954141 -2.051559
v 0.596299 0.374464 -2.105465
v 0.679319 1.233740 -1.881104
v 0.630631 1.057342 -2.001874
v 0.777009 0.872974 -2.027314
v 0.552123 1.575382 -1.431806
v 0.685632 1.495460 -1.562833
v 0.753308 1.379711 -1.706478
v 0.857615 1.227202 -1.806745
v 0.908813 1.059958 -1.892438
v 0.937700 0.874834 -1.952341
v 0.961397 0.374480 -1.975831
v 0.691726 1.572650 -1.352665
v 0.871329 1.430581 -1.544977
v 0.943789 1.317221 -1.652584
v 1.013361 1.212997 -1.702263
v 1.050180 1.059956 -1.788728
v 1.028782 0.785376 -1.912892
v 1.114616 0.449723 -1.862715
v 1.177995 1.054392 -1.650828
v 1.175737 0.782610 -1.782598
v 1.249105 0.374786 -1.716330
v 0.872924 1.493204 -1.397804
v 1.042645 1.376556 -1.422597
v 1.136218 1.236658 -1.514020
v 1.308860 0.847300 -1.561399
v 1.333045 0.669192 -1.576639
v 1.173065 1.291302 -1.304752
v 1.260375 1.166869 -1.271515
v 1.326310 0.881356 -1.392063
v 1.381609 0.761058 -1.432783
v 1.415589 0.374978 -1.366527
v 1.187866 1.299611 -1.157943
v 1.386843 0.915389 -1.218616
v 1.404566 -0.767276 -1.416143
v 1.329690 -0.467586 -1.596498
v 1.219916 -0.767276 -1.757975
v 1.081722 -0.467586 -1.895947
v 0.918509 -0.767276 -2.003124
v 0.737196 -0.467747 -2.074990
v 0.546107 -0.767395 -2.114447
v 0.350895 -0.466196 -2.113710
v 0.159757 -0.762193 -2.074486
v -0.020598 -0.465046 -1.999610
v -0.182075 -0.762193 -1.889836
v -0.320047 -0.465046 -1.751641
v -0.427224 -0.762193 -1.588429
v -0.501809 -0.465046 -1.407954
v -0.538368 -0.762193 -1.216151
v -0.538210 -0.465046 -1.020871
v -0.498587 -0.762193 -0.829677
v -0.423711 -0.465046 -0.649322
v -0.313937 -0.762193 -0.487846
v -0.175742 -0.465046 -0.349873
v -0.012530 -0.762193 -0.242697
v 0.168783 -0.465206 -0.170830
v 0.359820 -0.762194 -0.131528
v 0.554943 -0.466195 -0.132086
v 0.746209 -0.767395 -0.171155
v 0.926578 -0.467586 -0.246209
v 1.088055 -0.767276 -0.355983
v 1.226027 -0.467586 -0.494178
v 1.333204 -0.767276 -0.657390
v 1.407789 -0.467586 -0.837866
v 1.444348 -0.767276 -1.029670
v 1.444190 -0.467586 -1.224950
v 0.114660 0.885431 -0.268653
v 0.107115 0.473027 -0.275019
v 0.264507 0.820672 -0.267831
v 0.297904 0.772770 -0.262209
v 0.318255 0.688871 -0.241700
v 0.315205 0.631920 -0.284042
v 0.293911 0.578366 -0.255402
v 0.264780 0.543072 -0.232221
v 0.220938 0.502804 -0.250062
v 0.219917 0.857078 -0.267262
v 0.302660 0.743731 -0.218554
v 0.313046 0.636939 -0.233101
v 0.244158 0.832367 -0.223698
v 0.269688 0.796537 -0.202093
v 0.284047 0.730984 -0.164270
v 0.303339 0.700880 -0.191351
v 0.288385 0.649339 -0.162843
v 0.277765 0.583951 -0.185457
v 0.183260 0.871749 -0.236970
v 0.245939 0.793662 -0.160523
v 0.231110 0.520870 -0.206755
v 0.200941 0.839265 -0.171502
v 0.251560 0.731079 -0.125339
v 0.246051 0.613600 -0.124970
v 0.222648 0.555510 -0.145141
v 0.173795 0.485257 -0.232974
v 0.211118 0.779879 -0.117217
v 0.239508 0.682849 -0.105525
v 0.189965 0.507325 -0.182891
v 0.142780 0.864816 -0.183084
v 0.180461 0.711033 -0.077802
v 0.198514 0.656276 -0.083636
v 0.175401 0.601269 -0.088954
v 0.196871 0.574743 -0.112758
v 0.176534 0.520835 -0.152923
v 0.134699 0.880175 -0.227549
v 0.146796 0.813182 -0.116108
v 0.164300 0.762075 -0.088192
v 0.131091 0.521933 -0.137193
v 0.122425 0.838391 -0.139538
v 0.110505 0.724916 -0.069306
v 0.118272 0.672880 -0.063429
v 0.117900 0.603827 -0.077412
v 0.139043 0.559707 -0.103903
v 0.127040 0.484791 -0.199403
v 0.094492 0.797083 -0.101460
v 0.094785 0.509465 -0.154575
v 0.058679 0.741453 -0.082133
v 0.057524 0.658295 -0.072693
v 0.027438 0.639938 -0.087519
v 0.072690 0.559316 -0.106571
v 0.070334 0.844619 -0.153834
v 0.039655 0.784983 -0.109802
v -0.002291 0.714488 -0.103103
v 0.030113 0.562680 -0.122474
v 0.054559 0.510264 -0.167028
v 0.076071 0.868257 -0.197473
v 0.004883 0.803844 -0.147662
v -0.025473 0.640537 -0.124482
v 0.002899 0.599258 -0.117032
v -0.009657 0.533331 -0.191480
v -0.030536 0.762370 -0.150256
v -0.052475 0.698653 -0.150267
v -0.030302 0.584274 -0.156837
v 0.016112 0.503181 -0.223815
v 0.083663 0.879470 -0.231151
v -0.033946 0.801572 -0.196943
v -0.066137 0.651845 -0.176234
v 0.018286 0.861820 -0.255487
v 0.016093 0.850216 -0.207463
v -0.074781 0.741621 -0.216159
v -0.069176 0.613077 -0.205335
v -0.057788 0.790209 -0.250247
v -0.088051 0.669357 -0.230202
v -0.056384 0.572198 -0.228232
v 0.041588 0.486392 -0.283345
v 0.072358 0.479754 -0.232765
v -0.031126 0.824929 -0.252197
v -0.074692 0.596708 -0.284690
v 0.074160 0.881160 -0.277938
v -0.000335 0.841325 -0.327710
v -0.046191 0.802951 -0.304636
v -0.079147 0.745359 -0.293493
v -0.090210 0.678675 -0.295304
v -0.030909 0.532485 -0.273579
v 0.004623 0.505544 -0.289918
v -0.052098 0.775399 -0.344746
v -0.071493 0.707022 -0.353680
v -0.068122 0.633304 -0.354957
v -0.043499 0.564261 -0.335170
v -0.013298 0.539562 -0.352781
v -0.028605 0.593549 -0.391226
v 0.019400 0.525140 -0.369450
v -0.016386 0.788866 -0.385137
v -0.038782 0.718822 -0.401255
v -0.033367 0.662360 -0.412402
v 0.031110 0.499516 -0.326794
v 0.041237 0.856131 -0.346610
v 0.031398 0.818877 -0.396375
v 0.004517 0.763905 -0.422403
v 0.009940 0.698410 -0.447117
v 0.022943 0.569549 -0.419098
v 0.071669 0.495078 -0.353197
v 0.072867 0.850188 -0.376592
v 0.056013 0.756913 -0.452441
v 0.053840 0.633555 -0.461679
v 0.077054 0.816568 -0.418832
v 0.087078 0.714912 -0.471272
v 0.087971 0.581213 -0.449280
v 0.096772 0.507170 -0.382711
v 0.079746 0.478744 -0.305115
v 0.137102 0.869297 -0.347971
v 0.131434 0.851752 -0.382282
v 0.122766 0.802301 -0.435527
v 0.096572 0.644636 -0.472321
v 0.084368 0.528581 -0.409380
v 0.111893 0.483546 -0.334890
v 0.139585 0.752486 -0.460507
v 0.140896 0.697265 -0.473540
v 0.148703 0.623742 -0.465262
v 0.148261 0.502366 -0.371837
v 0.169989 0.811061 -0.418357
v 0.193575 0.684637 -0.460796
v 0.149922 0.555543 -0.432546
v 0.189466 0.753982 -0.447186
v 0.204912 0.606751 -0.440686
v 0.186329 0.527448 -0.390573
v 0.201303 0.828428 -0.384431
v 0.223103 0.773416 -0.417060
v 0.253687 0.708151 -0.419148
v 0.236134 0.665636 -0.435231
v 0.218744 0.563539 -0.405457
v 0.166662 0.877578 -0.295582
v 0.287494 0.647236 -0.379317
v 0.259671 0.619883 -0.403948
v 0.221335 0.509481 -0.322870
v 0.148270 0.479582 -0.313460
v 0.207539 0.853693 -0.330732
v 0.266262 0.808231 -0.325412
v 0.261618 0.789949 -0.363657
v 0.285496 0.735093 -0.372300
v 0.264210 0.577710 -0.368408
v 0.237242 0.536307 -0.355191
v 0.185242 0.485748 -0.287083
v 0.308973 0.654839 -0.333833
v 0.288230 0.583447 -0.325237
v 0.316936 0.714675 -0.289367
v 0.268647 0.543037 -0.285290
v 0.149110 0.475660 -0.268656
v 0.176485 0.594418 -0.120231
v 0.247659 0.695296 -0.135403
v 0.241870 0.643184 -0.113789
v 0.241157 0.705753 -0.098133
v 0.246561 0.674648 -0.100793
v 0.229469 0.726613 -0.093828
v 0.187292 0.759460 -0.103693
v 0.204472 0.745775 -0.087321
v 0.234370 0.685703 -0.074747
v 0.227415 0.631043 -0.090608
v 0.216038 0.716372 -0.065166
v 0.225611 0.661815 -0.065287
v 0.207034 0.638297 -0.061134
v 0.201654 0.606248 -0.095971
v 0.201973 0.697353 -0.048489
v 0.189797 0.669496 -0.042168
v 0.180647 0.600330 -0.093452
v 0.182411 0.738326 -0.064215
v 0.180907 0.705792 -0.043457
v 0.185940 0.621142 -0.063821
v 0.156328 0.735687 -0.059248
v 0.168568 0.649356 -0.042673
v 0.169635 0.753999 -0.081820
v 0.152516 0.681999 -0.038677
v 0.140429 0.600311 -0.097356
v 0.148306 0.710747 -0.045051
v 0.133865 0.660137 -0.045758
v 0.139074 0.756943 -0.095751
v 0.116772 0.690351 -0.052240
v 0.144175 0.624258 -0.059641
v 0.121368 0.728014 -0.066253
v 0.109064 0.649637 -0.063409
v 0.114604 0.620828 -0.084295
v 0.088726 0.685392 -0.083213
v 0.101929 0.723624 -0.083224
v 0.084273 0.661665 -0.098053
v 0.096081 0.630378 -0.103524
v 0.143768 0.595733 -0.126396
v 0.082249 0.652725 -0.127547
v 0.089521 0.721055 -0.113943
v 0.134888 0.759900 -0.127766
v 0.110869 0.746206 -0.115786
v 0.095645 0.728541 -0.137071
v 0.097186 0.718578 -0.159427
v 0.093891 0.638414 -0.151693
v 0.111084 0.611008 -0.128994
v 0.143980 0.600565 -0.151930
v 0.094062 0.680672 -0.172723
v 0.156439 0.763547 -0.134520
v 0.140430 0.753302 -0.158931
v 0.117617 0.742480 -0.157414
v 0.104760 0.637293 -0.168976
v 0.133204 0.615433 -0.173002
v 0.117593 0.715565 -0.186399
v 0.132780 0.635453 -0.190107
v 0.116955 0.665450 -0.193908
v 0.143872 0.729877 -0.189448
v 0.144866 0.687038 -0.207056
v 0.147490 0.665199 -0.206479
v 0.169872 0.595264 -0.140256
v 0.162498 0.630972 -0.193833
v 0.176101 0.609028 -0.172664
v 0.165531 0.744089 -0.180390
v 0.183706 0.664579 -0.205782
v 0.176598 0.707019 -0.203532
v 0.202027 0.699533 -0.197014
v 0.195296 0.639247 -0.192605
v 0.207400 0.726401 -0.181053
v 0.212959 0.619296 -0.161757
v 0.196206 0.601364 -0.141973
v 0.187980 0.751180 -0.162923
v 0.214692 0.741136 -0.155108
v 0.233617 0.694964 -0.170683
v 0.229736 0.653197 -0.172381
v 0.172765 0.763250 -0.139064
v 0.195419 0.757806 -0.134864
v 0.239762 0.650176 -0.153401
v 0.230621 0.723670 -0.154130
v 0.220705 0.614271 -0.124943
v 0.236361 0.724745 -0.128879
v 0.247342 0.659077 -0.128097
v 3.848757 0.953035 -0.260651
v 3.844178 -0.440364 -0.879014
v 3.792536 0.250918 -0.955090
v 3.792535 -0.250917 -0.955090
v 4.309071 -0.293371 -0.745393
v 4.161551 -0.670947 -0.590383
v 4.476724 0.468693 -0.445624
v 4.476724 -0.468693 -0.445624
v 3.959090 -0.951424 -0.173759
v 4.573806 0.423023 -0.291524
v 4.573806 -0.423024 -0.291523
v 4.610659 0.441027 -0.086597
v 4.610658 -0.441027 -0.086596
v 4.015203 -0.952922 0.012340
v 4.605891 0.438667 0.124087
v 4.605891 -0.438667 0.124086
v 4.573767 0.423094 0.291527
v 4.426867 -0.668501 0.222927
v 4.332063 -0.765408 0.183318
v 4.230144 -0.770946 0.374374
v 4.018149 -0.937238 0.165987
v 3.877240 0.953035 0.245427
v 4.176861 0.228855 0.853083
v 4.176861 -0.228856 0.853083
v 4.049530 -0.287234 0.889977
v 3.954151 0.612349 0.746354
v 3.659911 0.953035 0.279251
v 3.822268 0.262959 0.950262
v 3.855154 -0.254390 0.947680
v 3.488922 -0.097667 0.954189
v 3.654888 -0.007910 0.988330
v 3.527125 -0.877318 0.420851
v 3.336358 0.635469 0.655564
v 3.293698 -0.312369 0.835008
v 3.133036 0.510210 0.609180
v 3.381343 -0.877318 0.312041
v 3.124571 -0.597350 0.513688
v 2.838484 0.097667 0.420389
v 3.037241 -0.631011 0.325771
v 3.447518 -0.951424 0.072000
v 2.782708 -0.048775 0.286674
v 2.990861 0.665620 0.009586
v 3.228861 -0.859127 0.058293
v 2.848733 0.440364 -0.116431
v 3.292553 -0.875670 -0.180263
v 3.281865 0.858973 -0.230435
v 2.957377 -0.334760 -0.527920
v 3.024846 0.605724 -0.347876
v 2.973055 0.154562 -0.619360
v 2.964351 -0.048776 -0.626503
v 3.570926 -0.955122 -0.234699
v 3.544429 -0.765408 -0.604317
v 3.795930 -0.952921 -0.279525
v 3.636828 0.343298 -0.923113
v 3.829851 0.982177 -0.131458
v 3.793445 -0.981465 -0.156241
v 3.828569 0.989960 0.043576
v 3.882704 -0.981264 -0.066903
v 3.891690 -0.981079 0.051342
v 3.765369 0.979704 0.173688
v 3.624882 0.981123 0.138823
v 3.759923 -0.981465 0.166409
v 3.610754 -0.980018 0.134754
v 3.559660 0.981223 0.014744
v 3.554369 -0.980695 0.003406
v 3.658250 -0.980695 -0.158877
v 4.187937 0.698310 0.503876
v 4.368464 0.618020 0.633072
v 4.006286 0.624321 0.699878
v 4.183799 0.377588 0.543792
v 4.221544 0.742890 0.610004
v 4.203356 0.359189 0.606114
v 4.224906 0.360985 0.642618
v 4.203430 0.361517 0.682023
v 0.953431 0.902453 -0.384202
v 1.043363 0.699582 -0.222181
v 0.878768 0.534135 -0.268000
v 0.818404 0.797113 -0.537996
v 0.798553 0.712661 -0.553977
v 1.033860 0.741970 -0.208131
v 0.930711 0.721428 -0.163861
v 0.915246 0.631140 -0.251366
v 1.003394 0.746678 -0.300133
v 0.683345 1.587267 -0.951099
v 1.275383 0.650228 -0.574502
v 0.748864 1.406991 -0.575223
v 0.549075 1.405178 -0.503777
v 0.445374 1.571755 -0.789209
v 0.383493 1.144441 -0.274411
v 0.269120 1.585529 -0.896826
v -0.092868 1.143604 -0.469899
v 0.172785 1.587123 -1.065879
v -0.521572 0.672932 -0.957975
v -0.327360 1.231585 -1.259828
v -0.493822 0.878172 -1.277274
v 0.125409 1.515044 -1.447602
v -0.054770 0.719732 -1.965037
v 0.208738 1.399639 -1.705272
v 0.050324 0.661356 -2.027393
v 0.350653 1.436637 -1.699398
v 0.306143 0.719717 -2.095244
v 0.427083 0.661278 -2.112635
v 0.643265 0.784077 -2.082870
v 0.807801 0.661283 -2.047213
v 0.760988 1.074596 -1.954389
v 1.084621 0.923354 -1.826667
v 1.233897 0.886505 -1.676300
v 0.742872 1.585529 -1.152759
v 0.854769 1.535925 -1.251170
v 1.202997 1.135803 -1.504394
v 1.321169 1.111592 -1.129823
v 0.541474 1.614852 -0.974000
v 0.410263 1.614851 -0.955046
v 0.297174 1.615358 -1.048282
v 0.299907 1.616150 -1.183005
v 0.356128 1.616231 -1.259906
v 0.546926 1.616030 -1.261710
v 0.611859 1.617664 -1.134361
v 0.043102 0.869802 -0.302159
v 0.000360 0.630786 -0.434348
v 0.113472 0.882977 -0.300541
v 0.298481 0.759185 -0.315159
v 0.119627 0.474758 -0.243141
v 0.214774 0.748103 -0.119663
v 0.162305 0.607356 -0.076340
v 0.080046 0.692966 -0.115829
v 0.083208 0.685570 -0.152698
v 0.217089 0.675891 -0.190526
v 0.164757 0.763800 -0.112165
v 0.159215 0.594593 -0.110659
v 3.838816 0.063797 -0.979348
v 3.838815 -0.063800 -0.979348
v 3.945123 -0.525682 -0.810820
v 4.483197 -0.522101 0.371496
v 3.838815 0.063800 0.979347
v 3.838815 -0.063800 0.979347
v 3.819586 0.680094 0.715579
v 3.216630 -0.525683 0.665913
v 3.061833 -0.525682 -0.511117
v 3.983230 0.574238 0.653544
v -0.226085 0.985193 -1.751460
v 0.258859 1.159914 -1.939607
v 0.088768 0.869913 -0.344491
v 3.708609 0.000018 -0.986526
v 4.149834 0.216064 -0.868823
v 4.573767 -0.423094 0.291526
v 4.476884 0.375524 0.527009
v 4.343048 0.309989 0.708695
v 4.343048 -0.309989 0.708694
v 3.975222 -0.130495 0.949527
v 3.708595 0.000009 0.986525
vn 0.0438 0.9219 -0.3849
vn 0.1540 0.8539 -0.4971
vn -0.0984 0.8450 -0.5257
vn 0.1132 -0.4414 -0.8901
vn 0.2191 -0.5183 -0.8266
vn 0.0016 -0.5735 -0.8192
vn 0.0300 0.7381 -0.6741
vn 0.2160 0.7450 -0.6311
vn 0.1204 0.5901 -0.7983
vn -0.0543 0.5699 -0.8199
vn -0.0710 -0.8512 -0.5200
vn 0.0280 -0.7560 -0.6540
vn 0.1646 -0.8532 -0.4950
vn 0.0427 0.4335 -0.9001
vn 0.2147 0.3607 -0.9076
vn 0.0706 -0.9123 -0.4033
vn 0.0706 0.2479 -0.9662
vn 0.2157 0.2185 -0.9517
vn 0.0658 -0.9545 -0.2908
vn 0.0705 -0.9841 -0.1630
vn -0.0617 -0.9834 -0.1708
vn -0.0543 0.1484 -0.9874
vn 0.0830 0.1277 -0.9883
vn -0.0255 -0.0046 -0.9997
vn -0.0591 -0.1571 -0.9858
vn 0.0826 -0.1275 -0.9884
vn 0.0665 -0.2530 -0.9652
vn 0.2148 -0.2111 -0.9536
vn -0.0673 -0.3885 -0.9190
vn 0.2392 -0.3317 -0.9126
vn 0.3851 -0.2877 -0.8769
vn 0.4185 -0.4090 -0.8109
vn 0.1407 -0.6678 -0.7309
vn 0.3174 -0.5935 -0.7396
vn 0.2508 -0.7424 -0.6213
vn 0.2675 0.5871 -0.7641
vn 0.3090 0.4291 -0.8488
vn 0.3812 0.2903 -0.8777
vn 0.4515 0.5165 -0.7276
vn 0.2716 -0.9050 -0.3274
vn 0.4779 0.3780 -0.7929
vn 0.5778 0.3815 -0.7215
vn 0.1429 0.9537 -0.2645
vn 0.2869 0.8989 -0.3311
vn 0.3909 0.7992 -0.4565
vn 0.5046 -0.5115 -0.6955
vn 0.3910 0.6683 -0.6328
vn 0.5379 0.6775 -0.5017
vn 0.5960 -0.5967 -0.5373
vn 0.4446 -0.6726 -0.5916
vn 0.3707 -0.8016 -0.4691
vn 0.2407 -0.9545 -0.1762
vn 0.1641 -0.9838 -0.0727
vn -0.0003 -1.0000 0.0019
vn 0.1085 0.9841 -0.1404
vn 0.2487 0.9648 -0.0857
vn 0.7378 -0.4101 -0.5361
vn 0.6457 -0.4142 -0.6414
vn 0.5592 -0.3489 -0.7521
vn 0.5238 0.8030 -0.2842
vn 0.7649 -0.4638 -0.4471
vn 0.5802 -0.7290 -0.3632
vn 0.4655 -0.8348 -0.2941
vn 0.6029 0.5129 -0.6110
vn 0.7255 0.4207 -0.5447
vn 0.6870 0.5973 -0.4138
vn 0.7670 0.4635 -0.4438
vn 0.8209 -0.4897 -0.2937
vn 0.6642 0.7078 -0.2407
vn 0.7693 0.5804 -0.2669
vn 0.8210 0.4894 -0.2940
vn 0.1048 0.9936 0.0425
vn -0.0061 0.9991 -0.0421
vn 0.4195 0.9067 -0.0441
vn 0.3828 0.9018 -0.2006
vn 0.5977 0.8000 -0.0522
vn 0.7599 -0.5921 -0.2683
vn 0.6733 -0.7284 -0.1273
vn 0.8185 0.5674 -0.0901
vn 0.8552 -0.5099 -0.0930
vn 0.8030 -0.5949 0.0357
vn 0.7967 -0.5920 -0.1220
vn 0.7284 0.6844 -0.0318
vn 0.5666 -0.8048 -0.1769
vn 0.5570 -0.8302 0.0255
vn 0.2993 -0.9542 0.0006
vn 0.1650 -0.9843 0.0623
vn 0.8577 -0.5002 0.1191
vn 0.7955 -0.5766 0.1862
vn 0.7715 0.6247 0.1210
vn 0.5091 0.8557 0.0930
vn 0.6344 0.7398 0.2242
vn 0.4305 -0.8997 -0.0726
vn 0.4279 -0.9001 0.0823
vn 0.7417 0.5923 0.3148
vn 0.6083 -0.7707 0.1899
vn 0.4675 -0.8547 0.2256
vn 0.2987 -0.9384 0.1740
vn 0.3220 0.9367 0.1375
vn 0.4565 0.8488 0.2668
vn 0.8267 -0.4768 0.2987
vn 0.7690 -0.5187 0.3736
vn 0.3554 0.8556 0.3764
vn 0.7378 -0.4167 0.5310
vn 0.6878 -0.5143 0.5123
vn 0.5499 0.7348 0.3971
vn 0.7097 -0.6677 0.2248
vn 0.6242 -0.6740 0.3951
vn 0.5121 -0.7728 0.3749
vn 0.8186 0.4936 0.2937
vn 0.7275 0.5045 0.4650
vn 0.7323 0.4201 0.5359
vn 0.5459 -0.5915 0.5933
vn 0.3605 -0.8326 0.4205
vn 0.5905 0.6113 0.5270
vn 0.6079 0.4236 0.6716
vn 0.2791 -0.9019 0.3296
vn 0.5963 0.3352 0.7294
vn 0.1394 -0.9633 0.2293
vn 0.1900 0.9764 0.1026
vn 0.1555 0.9546 0.2541
vn 0.2271 0.9033 0.3639
vn 0.6048 -0.4205 0.6763
vn 0.5963 -0.3352 0.7294
vn 0.0243 -0.9846 0.1732
vn 0.3976 0.7410 0.5411
vn 0.4417 0.5972 0.6695
vn 0.4696 0.4175 0.7779
vn 0.3267 0.5120 0.7944
vn 0.2821 0.3395 0.8973
vn 0.0364 0.9828 0.1809
vn 0.0819 0.9078 0.4113
vn 0.1968 0.8289 0.5236
vn 0.2380 0.7330 0.6372
vn 0.4245 -0.7277 0.5387
vn 0.4141 -0.5906 0.6927
vn 0.2228 -0.7399 0.6347
vn 0.2220 -0.1949 0.9554
vn 0.1220 -0.2552 0.9592
vn 0.3179 -0.2888 0.9031
vn 0.0424 0.8096 0.5854
vn 0.0938 0.6779 0.7291
vn 0.2210 0.2022 0.9541
vn 0.4263 0.3000 0.8534
vn 0.1343 -0.9012 0.4120
vn -0.0129 -0.9394 0.3427
vn 0.1336 0.5016 0.8547
vn 0.0036 0.4259 0.9047
vn -0.0388 0.5921 0.8049
vn -0.0231 -0.8542 0.5194
vn 0.0963 0.2705 0.9579
vn 0.0761 0.1298 0.9886
vn -0.0853 0.1610 0.9833
vn 0.0294 0.0224 0.9993
vn -0.0660 -0.0311 0.9973
vn 0.0655 -0.1381 0.9882
vn -0.0701 0.9551 0.2880
vn -0.0580 0.8953 0.4416
vn 0.1183 -0.5938 0.7959
vn -0.0089 -0.7454 0.6666
vn -0.0386 0.7313 0.6809
vn -0.1489 0.8034 0.5765
vn -0.0416 -0.4197 0.9067
vn -0.2169 -0.4620 0.8600
vn -0.0378 -0.5905 0.8062
vn -0.1915 0.6654 0.7215
vn -0.1765 -0.6665 0.7243
vn -0.2160 0.5087 0.8334
vn -0.1403 0.3342 0.9320
vn -0.2651 0.0577 0.9625
vn -0.1103 0.9834 0.1441
vn -0.2009 -0.7951 0.5722
vn -0.1984 -0.8837 0.4240
vn -0.3146 0.2768 0.9080
vn -0.1396 -0.9390 0.3142
vn -0.1200 -0.9821 0.1455
vn -0.4350 0.0511 0.8990
vn -0.2434 -0.0997 0.9648
vn -0.4226 -0.1339 0.8964
vn -0.2315 -0.2506 0.9400
vn -0.2141 0.9037 0.3709
vn -0.4342 -0.3090 0.8462
vn -0.2913 0.8322 0.4718
vn -0.3551 0.7412 0.5697
vn -0.4003 0.6339 0.6618
vn -0.4719 -0.4276 0.7710
vn -0.5198 -0.5273 0.6721
vn -0.3399 -0.5246 0.7805
vn -0.3170 -0.6658 0.6755
vn -0.3516 -0.8018 0.4833
vn -0.4035 0.3641 0.8394
vn -0.4070 0.4975 0.7661
vn -0.5159 0.2695 0.8132
vn -0.5984 0.0392 0.8002
vn -0.6582 0.2022 0.7252
vn -0.7359 0.1076 0.6684
vn -0.2836 0.9424 0.1772
vn -0.5937 -0.1390 0.7926
vn -0.6291 -0.3293 0.7041
vn -0.4177 0.8522 0.3152
vn -0.7086 -0.3966 0.5836
vn -0.6093 -0.5961 0.5229
vn -0.4424 -0.6686 0.5977
vn -0.6010 0.4969 0.6260
vn -0.5401 -0.7375 0.4055
vn -0.3504 -0.8792 0.3230
vn -0.7362 -0.5112 0.4435
vn -0.5890 0.6048 0.5360
vn -0.5374 0.7394 0.4056
vn -0.6914 0.5955 0.4090
vn -0.4843 -0.8286 0.2807
vn -0.7439 0.3527 0.5676
vn -0.6297 0.3428 0.6971
vn -0.8327 0.2412 0.4984
vn -0.8089 0.0242 0.5875
vn -0.8852 -0.0602 0.4612
vn -0.7353 -0.1429 0.6626
vn -0.8272 -0.2390 0.5085
vn -0.8989 0.1024 0.4260
vn -0.1886 0.9818 0.0242
vn -0.1825 -0.9832 0.0066
vn -0.9124 -0.2435 0.3289
vn -0.8358 -0.3793 0.3970
vn -0.4236 0.9010 0.0937
vn -0.5819 0.7988 0.1528
vn -0.8091 -0.5107 0.2905
vn -0.7149 0.6636 0.2204
vn -0.6956 -0.6368 0.3328
vn -0.6449 -0.7394 0.1934
vn -0.7810 0.4727 0.4082
vn -0.4066 -0.9037 0.1339
vn -0.8839 0.3376 0.3237
vn -0.9432 0.1663 0.2875
vn -0.7873 -0.5960 0.1580
vn -0.8342 0.5117 0.2057
vn -0.5078 -0.8595 0.0586
vn -0.9346 0.3200 0.1554
vn -0.2909 -0.9540 0.0727
vn -0.9557 -0.0424 0.2912
vn -0.9639 -0.1892 0.1872
vn -0.8935 -0.4012 0.2019
vn -0.9884 0.0375 0.1474
vn -0.9900 -0.1361 0.0382
vn -0.3316 0.9406 -0.0735
vn -0.9409 -0.3386 -0.0007
vn -0.8649 -0.5007 0.0344
vn -0.7496 0.6617 0.0166
vn -0.5159 0.8542 -0.0643
vn -0.6619 0.7487 -0.0355
vn -0.7473 -0.6645 0.0081
vn -0.5932 -0.8048 -0.0190
vn -0.3429 -0.9353 -0.0873
vn -0.9925 0.1164 0.0366
vn -0.7849 0.6003 -0.1535
vn -0.8558 0.5153 0.0459
vn -0.8869 0.4455 -0.1223
vn -0.9413 0.3376 0.0048
vn -0.4401 -0.8800 -0.1786
vn -0.9675 0.2013 -0.1529
vn -0.9795 -0.1403 -0.1447
vn -0.9243 -0.3224 -0.2044
vn -0.8465 -0.5145 -0.1369
vn -0.6364 0.7381 -0.2242
vn -0.7301 -0.6458 -0.2232
vn -0.9183 -0.1581 -0.3630
vn -0.8605 -0.3957 -0.3207
vn -0.4517 0.8616 -0.2316
vn -0.7396 -0.5788 -0.3436
vn -0.7114 0.6062 -0.3556
vn -0.6720 -0.7326 -0.1080
vn -0.5713 -0.7935 -0.2098
vn -0.8128 0.5110 -0.2799
vn -0.9130 0.3392 -0.2267
vn -0.8971 0.2593 -0.3579
vn -0.1451 0.9847 -0.0963
vn -0.1669 -0.9813 -0.0954
vn -0.2959 -0.9029 -0.3118
vn -0.7983 0.4232 -0.4285
vn -0.8034 0.2535 -0.5388
vn -0.1614 -0.9564 -0.2435
vn -0.1752 0.9641 -0.1997
vn -0.3111 0.9070 -0.2839
vn -0.7735 -0.3244 -0.5445
vn -0.7734 -0.4409 -0.4555
vn -0.6720 -0.5249 -0.5224
vn -0.4858 0.7950 -0.3633
vn -0.5947 0.6716 -0.4419
vn -0.6057 -0.6794 -0.4141
vn -0.6924 0.4796 -0.5391
vn -0.3226 0.8317 -0.4518
vn -0.3951 0.7377 -0.5474
vn -0.5391 0.5955 -0.5956
vn -0.6144 0.4162 -0.6704
vn -0.4826 -0.7975 -0.3621
vn -0.7611 0.1445 -0.6324
vn -0.8648 0.0496 -0.4997
vn -0.6576 0.2443 -0.7127
vn -0.6573 0.0494 -0.7520
vn -0.7689 -0.0405 -0.6381
vn -0.6610 -0.1533 -0.7346
vn -0.8223 -0.1567 -0.5470
vn -0.4646 0.4892 -0.7381
vn -0.5355 0.2748 -0.7986
vn -0.1819 0.9027 -0.3900
vn -0.3562 0.6032 -0.7136
vn -0.4987 -0.6677 -0.5527
vn -0.3173 -0.8062 -0.4993
vn -0.4103 -0.5044 -0.7598
vn -0.2590 -0.6631 -0.7023
vn -0.3864 -0.6670 -0.6370
vn -0.3727 0.4127 -0.8311
vn -0.1330 -0.9067 -0.4003
vn -0.5123 0.0490 -0.8574
vn -0.4050 0.2369 -0.8831
vn -0.3329 0.0491 -0.9417
vn -0.2376 0.2380 -0.9418
vn -0.1618 0.0304 -0.9864
vn -0.3836 -0.1399 -0.9129
vn -0.2269 -0.1524 -0.9619
vn -0.0459 0.9661 -0.2541
vn -0.2747 -0.3246 -0.9051
vn -0.2101 -0.5135 -0.8320
vn -0.1058 -0.6660 -0.7384
vn -0.1747 0.7366 -0.6533
vn -0.2050 0.5914 -0.7798
vn -0.1855 -0.7712 -0.6090
vn -0.2231 0.4298 -0.8750
vn -0.0911 0.3451 -0.9342
vn 0.0160 0.7308 -0.6824
vn 0.2297 0.4763 -0.8487
vn -0.1039 0.4355 -0.8942
vn 0.1260 0.0998 -0.9870
vn 0.3497 -0.1410 -0.9262
vn -0.0141 -0.2530 -0.9674
vn 0.0268 0.8910 -0.4532
vn 0.3355 0.7484 -0.5722
vn 0.1675 -0.4616 -0.8711
vn 0.3190 -0.7419 -0.5898
vn 0.0965 -0.6730 -0.7334
vn 0.0152 -0.8808 -0.4732
vn 0.4752 0.1933 -0.8584
vn 0.3159 -0.9215 -0.2257
vn 0.6020 -0.1635 -0.7815
vn 0.5141 -0.4623 -0.7225
vn 0.2115 0.9659 -0.1493
vn 0.4319 0.8537 -0.2911
vn 0.6254 0.6741 -0.3929
vn 0.5418 -0.7318 -0.4134
vn 0.5699 0.5019 -0.6506
vn 0.7658 0.2217 -0.6037
vn 0.7947 -0.0875 -0.6007
vn 0.7909 -0.4534 -0.4110
vn 0.6523 -0.7430 -0.1499
vn 0.7664 0.6209 -0.1645
vn 0.8026 0.4547 -0.3861
vn 0.9417 0.1338 -0.3088
vn 0.9568 -0.1974 -0.2134
vn 0.0818 -0.9831 -0.1635
vn 0.2333 -0.9714 0.0443
vn -0.0945 -0.9955 0.0029
vn 0.9454 0.3256 -0.0116
vn 0.8153 -0.5790 -0.0077
vn 0.5218 -0.8508 0.0627
vn 0.9971 -0.0727 0.0230
vn 0.9422 -0.2490 0.2244
vn 0.7662 -0.5914 0.2513
vn 0.4235 -0.8574 0.2923
vn 0.9110 0.1862 0.3680
vn 0.2043 0.9683 0.1436
vn -0.0847 0.9955 -0.0424
vn 0.1142 -0.9627 0.2453
vn 0.5328 0.8462 0.0039
vn 0.4768 0.8359 0.2718
vn 0.8109 -0.2325 0.5371
vn 0.6911 -0.5134 0.5087
vn 0.4874 -0.7228 0.4899
vn 0.7621 0.6037 0.2340
vn 0.4228 0.7656 0.4848
vn 0.6591 0.5685 0.4923
vn 0.7368 0.3364 0.5865
vn 0.4324 0.5257 0.7326
vn 0.6746 0.0152 0.7380
vn 0.5673 -0.3125 0.7619
vn 0.3957 -0.5678 0.7218
vn 0.1390 -0.8165 0.5604
vn 0.4467 0.2586 0.8565
vn 0.3743 -0.0392 0.9265
vn 0.1190 0.9217 0.3692
vn 0.1311 0.7623 0.6338
vn 0.3189 -0.3006 0.8989
vn 0.1137 -0.5612 0.8198
vn 0.0602 0.5355 0.8424
vn 0.0905 0.1875 0.9781
vn -0.0883 0.9771 0.1938
vn 0.0679 -0.1582 0.9851
vn -0.1443 -0.3969 0.9065
vn -0.2262 -0.7195 0.6566
vn -0.1740 -0.8765 0.4488
vn -0.1916 -0.9607 0.2010
vn -0.2538 -0.0659 0.9650
vn -0.2851 0.3053 0.9086
vn -0.5644 -0.0871 0.8209
vn -0.1595 0.8278 0.5379
vn -0.4480 -0.4345 0.7813
vn -0.3880 0.6038 0.6963
vn -0.5834 -0.6259 0.5175
vn -0.6438 0.3315 0.6896
vn -0.8643 0.0139 0.5028
vn -0.7599 -0.3691 0.5351
vn -0.4646 -0.8367 0.2899
vn -0.4148 0.8034 0.4273
vn -0.6776 0.6304 0.3788
vn -0.8786 0.3618 0.3116
vn -0.8961 -0.3677 0.2485
vn -0.3125 0.9308 0.1896
vn -0.5684 0.8159 0.1062
vn -0.7965 0.6008 0.0683
vn -0.4763 -0.8768 -0.0663
vn -0.9908 0.1011 0.0894
vn -0.9543 -0.2854 -0.0882
vn -0.7974 -0.5649 -0.2122
vn -0.7352 -0.6669 0.1212
vn -0.9163 0.3584 -0.1789
vn -0.9617 -0.0315 -0.2723
vn -0.3655 0.9260 -0.0949
vn -0.5624 0.7772 -0.2822
vn -0.7295 0.6339 -0.2570
vn -0.8167 -0.2118 -0.5367
vn -0.1759 -0.9602 -0.2172
vn -0.4021 -0.8763 -0.2653
vn -0.5648 -0.7033 -0.4318
vn -0.6958 0.4821 -0.5325
vn -0.8171 0.2272 -0.5298
vn -0.5844 -0.5050 -0.6352
vn -0.3844 0.7329 -0.5614
vn -0.2998 -0.8284 -0.4730
vn -0.6175 0.1841 -0.7647
vn -0.5487 -0.2708 -0.7909
vn -0.4828 0.0112 -0.8756
vn -0.0642 0.9661 -0.2501
vn -0.2818 0.8927 -0.3516
vn -0.2348 -0.6237 -0.7456
vn -0.4010 0.5312 -0.7464
vn -0.2882 -0.2325 -0.9289
vn -0.2058 0.1800 -0.9619
vn 0.4250 0.8902 -0.1639
vn 0.2043 0.9789 -0.0075
vn 0.4308 0.8874 0.1643
vn 0.9897 -0.0951 -0.1074
vn 0.9188 -0.3512 0.1801
vn 0.9054 -0.4176 -0.0764
vn 0.7572 -0.6107 -0.2318
vn 0.7280 -0.6788 0.0956
vn 0.7317 0.6761 0.0873
vn 0.8663 0.4762 0.1510
vn 0.8918 0.4037 -0.2043
vn 0.9790 0.0315 0.2016
vn 0.9287 -0.0606 0.3658
vn 0.4963 0.7420 0.4507
vn 0.7112 0.5794 0.3981
vn 0.7625 -0.5483 0.3433
vn 0.5782 -0.7144 0.3940
vn 0.8048 0.2666 0.5303
vn 0.4448 -0.8695 0.2147
vn 0.1596 0.9650 0.2081
vn 0.8349 -0.2945 0.4649
vn 0.5734 0.8192 0.0155
vn 0.6767 -0.4405 0.5900
vn 0.7947 -0.0645 0.6036
vn 0.4121 -0.9098 0.0491
vn 0.1932 -0.9429 0.2712
vn 0.1607 -0.9870 -0.0034
vn 0.2770 0.8684 0.4112
vn 0.6007 -0.2513 0.7590
vn 0.3709 -0.6523 0.6610
vn 0.5771 0.4413 0.6872
vn 0.6101 0.0283 0.7918
vn 0.3625 -0.8025 0.4739
vn -0.0487 -0.9692 0.2413
vn 0.4519 -0.4855 0.7484
vn 0.2555 0.7013 0.6655
vn 0.4039 0.1467 0.9030
vn 0.0714 -0.8549 0.5139
vn 0.3749 0.4313 0.8207
vn 0.0096 0.9997 0.0221
vn 0.0642 0.8816 0.4677
vn 0.3722 -0.2199 0.9017
vn 0.0680 -0.6742 0.7354
vn 0.1754 0.2669 0.9476
vn 0.1534 -0.1361 0.9787
vn 0.1218 -0.4347 0.8923
vn 0.1164 0.5649 0.8169
vn -0.0803 0.3597 0.9296
vn 0.0166 0.0829 0.9964
vn -0.1113 0.9568 0.2686
vn -0.0949 0.6746 0.7321
vn -0.2999 0.4467 0.8429
vn -0.1800 -0.7979 0.5753
vn -0.3074 0.0980 0.9465
vn -0.1331 -0.1633 0.9776
vn -0.2278 0.7787 0.5845
vn -0.3170 -0.2634 0.9111
vn -0.4253 -0.4959 0.7571
vn -0.1636 -0.5373 0.8274
vn -0.2966 -0.8901 0.3462
vn -0.4035 -0.6854 0.6061
vn -0.5875 0.2691 0.7632
vn -0.5535 -0.0045 0.8328
vn -0.3042 0.9209 0.2435
vn -0.4577 0.7799 0.4269
vn -0.5775 -0.2586 0.7743
vn -0.6926 -0.4754 0.5424
vn -0.5606 0.5395 0.6282
vn -0.8481 0.2720 0.4547
vn -0.7861 0.0595 0.6152
vn -0.2768 -0.9591 0.0590
vn -0.7767 -0.2023 0.5966
vn -0.5821 -0.7026 0.4093
vn -0.4881 -0.8620 0.1366
vn -0.1448 0.9879 -0.0552
vn -0.9257 -0.0932 0.3666
vn -0.8638 -0.3970 0.3103
vn -0.5209 0.8357 0.1739
vn -0.7148 0.6203 0.3230
vn -0.8784 0.4332 0.2017
vn -0.6798 0.7334 -0.0022
vn -0.9408 -0.3362 0.0444
vn -0.7500 -0.6371 0.1775
vn -0.8803 0.4695 -0.0686
vn -0.6727 -0.7399 -0.0071
vn -0.3762 0.9256 -0.0421
vn -0.9739 0.1694 0.1511
vn -0.9985 -0.0381 0.0393
vn -0.7577 -0.6298 -0.1707
vn -0.4870 -0.8584 -0.1614
vn -0.9520 0.1589 -0.2616
vn -0.9423 -0.1369 -0.3056
vn -0.5687 0.7780 -0.2671
vn -0.7906 0.5353 -0.2973
vn -0.8929 -0.3683 -0.2589
vn -0.7264 -0.4547 -0.5153
vn -0.8401 0.2912 -0.4576
vn -0.2604 0.9140 -0.3111
vn -0.8070 -0.1149 -0.5792
vn -0.6460 0.5257 -0.5536
vn -0.7074 0.1966 -0.6789
vn -0.5697 0.0584 -0.8198
vn -0.6043 -0.2024 -0.7706
vn -0.4177 0.7323 -0.5379
vn -0.4773 0.4641 -0.7462
vn -0.4868 -0.4645 -0.7398
vn -0.3402 -0.6773 -0.6523
vn -0.3897 0.2075 -0.8973
vn -0.1850 0.6505 -0.7367
vn -0.2062 0.4156 -0.8859
vn -0.3091 -0.0872 -0.9470
vn -0.3079 -0.3404 -0.8884
vn -0.0874 -0.5139 -0.8534
vn -0.0679 0.1760 -0.9820
vn 0.0055 -0.7392 -0.6735
vn -0.2302 -0.8531 -0.4681
vn 0.1205 0.4804 -0.8687
vn -0.0931 0.8705 -0.4833
vn 0.0801 0.7225 -0.6867
vn -0.0226 -0.2154 -0.9763
vn 0.1318 -0.5890 -0.7973
vn 0.1111 0.0613 -0.9919
vn 0.2413 -0.1295 -0.9618
vn 0.2562 0.8666 -0.4283
vn 0.2756 -0.3785 -0.8836
vn 0.3457 0.6855 -0.6407
vn 0.4038 -0.5674 -0.7176
vn 0.4487 0.3687 -0.8141
vn 0.3082 -0.7553 -0.5784
vn 0.0162 -0.8620 -0.5066
vn 0.0954 0.9667 -0.2375
vn -0.0554 -0.9984 -0.0098
vn 0.0145 -0.9642 -0.2647
vn 0.4817 -0.0250 -0.8760
vn 0.5613 -0.3579 -0.7463
vn 0.6849 -0.1012 -0.7216
vn 0.5573 0.7308 -0.3942
vn 0.6177 -0.6117 -0.4943
vn 0.4725 -0.8012 -0.3672
vn 0.5304 0.5338 -0.6586
vn 0.7013 0.2350 -0.6730
vn 0.2185 -0.9155 -0.3377
vn 0.3510 -0.9219 -0.1638
vn 0.7267 0.4753 -0.4960
vn 0.9052 0.1814 -0.3843
vn 0.7491 0.6296 -0.2059
vn 0.5854 -0.8042 -0.1028
vn 0.8502 -0.0810 -0.5202
vn 0.9155 -0.2494 -0.3158
vn 0.0044 -0.9826 -0.1854
vn 0.3177 -0.9471 0.0456
vn 0.0376 -0.9869 0.1567
vn 0.5957 0.7674 -0.2370
vn 0.4001 0.9148 -0.0554
vn 0.7134 0.6933 0.1022
vn 0.8023 0.5046 -0.3191
vn 0.9672 0.2104 0.1426
vn 0.6087 -0.7635 -0.2157
vn 0.8156 -0.5662 -0.1187
vn 0.4877 -0.8397 0.2391
vn 0.7463 -0.5912 0.3058
vn 0.2845 0.9053 0.3153
vn 0.7946 0.4905 0.3578
vn 0.8567 0.0399 0.5143
vn 0.1106 0.9853 0.1299
vn 0.7373 -0.3446 0.5811
vn 0.4186 -0.6611 0.6227
vn 0.3960 -0.2494 0.8838
vn 0.1175 -0.6907 0.7136
vn 0.0101 -0.8685 0.4956
vn 0.5894 0.4044 0.6993
vn 0.2073 0.4160 0.8854
vn 0.5185 0.0695 0.8522
vn 0.4795 0.7170 0.5059
vn 0.1457 0.7458 0.6500
vn -0.2234 0.8826 0.4135
vn -0.1351 0.5506 0.8237
vn 0.0529 -0.3728 0.9264
vn -0.2847 -0.5509 0.7845
vn -0.2901 -0.9422 0.1676
vn -0.0267 0.0745 0.9969
vn -0.4080 -0.1195 0.9051
vn -0.4210 0.2676 0.8667
vn -0.6483 -0.3817 0.6587
vn -0.4913 -0.7374 0.4635
vn -0.7521 0.0798 0.6542
vn -0.6966 0.5932 0.4036
vn -0.9208 0.1010 0.3767
vn -0.8669 -0.3990 0.2989
vn -0.6416 -0.7571 0.1231
vn -0.9274 0.3650 0.0820
vn -0.2114 0.9701 0.1193
vn -0.6001 0.7994 0.0273
vn -0.5840 -0.7928 -0.1742
vn -0.2835 0.9248 -0.2538
vn -0.8256 0.5165 -0.2270
vn -0.8564 -0.5012 -0.1245
vn 0.0575 0.9864 -0.1538
vn -0.2756 -0.9122 -0.3031
vn -0.9927 -0.1203 0.0095
vn -0.9086 0.1626 -0.3847
vn -0.9114 -0.1159 -0.3948
vn -0.7772 -0.4414 -0.4486
vn -0.5415 -0.6747 -0.5016
vn -0.5453 0.7585 -0.3568
vn -0.6241 -0.2607 -0.7366
vn -0.6874 0.4458 -0.5734
vn -0.6181 0.0530 -0.7843
vn -0.3711 -0.4614 -0.8059
vn -0.3313 0.7091 -0.6224
vn -0.2115 -0.7450 -0.6326
vn -0.3986 0.3374 -0.8528
vn -0.2388 -0.0938 -0.9665
vn 0.0391 0.0889 -0.9953
vn -0.0421 0.5203 -0.8529
vn 0.1040 -0.8328 -0.5437
vn 0.0836 -0.4693 -0.8791
vn 0.0474 0.7702 -0.6360
vn 0.4491 0.5428 -0.7096
vn 0.3481 0.2617 -0.9002
vn 0.4406 -0.1814 -0.8792
vn 0.3615 0.8027 -0.4743
vn 0.6807 0.2042 -0.7035
vn 0.7815 -0.0986 -0.6160
vn 0.0334 0.9240 -0.3808
vn 0.4179 -0.6515 -0.6331
vn 0.3369 -0.8918 -0.3019
vn 0.6653 -0.4604 -0.5877
vn 0.8945 -0.2963 -0.3348
vn 0.9541 0.1017 -0.2818
vn 0.9583 -0.2602 0.1186
vn 0.5890 0.8042 -0.0798
vn 0.4259 0.9045 0.0216
vn 0.5919 0.7980 0.1134
vn 0.8569 0.4652 -0.2222
vn 0.8841 0.4631 -0.0622
vn 0.9157 0.3458 -0.2050
vn 0.9803 0.1974 -0.0082
vn 0.9753 0.1480 -0.1641
vn 0.9323 0.3424 0.1167
vn 0.9556 0.1912 0.2243
vn 0.9532 0.0583 0.2966
vn 0.9903 0.0555 0.1275
vn 0.2071 0.9754 0.0750
vn 0.2450 0.9538 0.1737
vn 0.2924 0.9558 -0.0306
vn 0.7345 0.6716 0.0972
vn 0.7023 0.6662 0.2510
vn 0.8152 0.5193 0.2566
vn 0.8945 0.3262 0.3058
vn 0.8960 0.1474 0.4190
vn 0.8966 0.0081 0.4427
vn 0.4110 0.8968 0.1639
vn 0.5150 0.8001 0.3077
vn 0.6460 0.6657 0.3736
vn 0.3029 0.9000 0.3134
vn 0.5508 0.6732 0.4934
vn 0.8175 0.3881 0.4255
vn 0.7876 0.2359 0.5692
vn 0.8366 0.0594 0.5446
vn 0.7377 0.0665 0.6718
vn 0.0879 0.9834 0.1588
vn 0.1640 0.9862 -0.0240
vn 0.0005 1.0000 0.0004
vn 0.6791 0.4172 0.6040
vn 0.5633 0.5531 0.6138
vn 0.5429 0.4214 0.7264
vn 0.6591 0.2266 0.7171
vn 0.5979 0.0576 0.7995
vn 0.3936 0.8049 0.4441
vn 0.4244 0.6794 0.5986
vn 0.7066 0.5375 0.4603
vn 0.1198 0.9398 0.3200
vn 0.2194 0.8585 0.4634
vn 0.3948 0.5809 0.7118
vn 0.4038 0.4083 0.8187
vn 0.5088 0.2292 0.8298
vn 0.4297 0.0687 0.9004
vn 0.2807 0.4908 0.8248
vn 0.3193 0.2553 0.9126
vn 0.2562 0.0551 0.9651
vn 0.0720 0.8548 0.5140
vn 0.2893 0.7707 0.5677
vn 0.2324 0.6644 0.7103
vn 0.0907 0.7759 0.6243
vn 0.0540 0.6717 0.7388
vn 0.1313 0.5059 0.8526
vn 0.1503 0.1860 0.9710
vn 0.0647 0.0581 0.9962
vn -0.0428 0.9824 0.1817
vn -0.0493 0.1865 0.9812
vn -0.1411 0.0533 0.9886
vn -0.0107 0.9389 0.3440
vn -0.1160 0.8537 0.5076
vn -0.0618 0.4998 0.8639
vn -0.1559 0.7390 0.6554
vn -0.1150 0.6080 0.7856
vn -0.3182 0.5895 0.7425
vn -0.2752 0.4890 0.8278
vn -0.2235 0.3335 0.9159
vn -0.0436 0.3327 0.9420
vn -0.2971 0.1647 0.9405
vn -0.4978 0.2176 0.8396
vn -0.5067 0.0590 0.8601
vn -0.1919 0.9543 0.2293
vn -0.1508 0.9200 0.3618
vn -0.3370 0.8556 0.3929
vn -0.3041 0.7921 0.5293
vn -0.4006 0.6468 0.6490
vn -0.4218 0.3848 0.8210
vn -0.4983 0.7400 0.4518
vn -0.5778 0.6029 0.5501
vn -0.5393 0.4969 0.6799
vn -0.6213 0.3228 0.7140
vn -0.6650 0.1410 0.7334
vn -0.1619 0.9836 0.0798
vn -0.3186 0.9084 0.2706
vn -0.7815 0.2242 0.5823
vn -0.7950 0.0599 0.6036
vn -0.6973 0.4283 0.5748
vn -0.6914 0.5917 0.4146
vn -0.7898 0.4142 0.4524
vn -0.8784 0.2282 0.4199
vn -0.2893 0.9554 0.0586
vn -0.4968 0.8307 0.2515
vn -0.6281 0.7255 0.2815
vn -0.5945 0.7979 0.1000
vn -0.7731 0.5812 0.2539
vn -0.8493 0.4276 0.3097
vn -0.9369 0.2327 0.2609
vn -0.8810 0.0708 0.4678
vn -0.9458 0.0590 0.3192
vn -0.7185 0.6860 0.1142
vn -0.8926 0.4297 0.1366
vn -0.9663 0.2387 0.0963
vn -0.4036 0.9039 0.1414
vn -0.4435 0.8963 0.0038
vn -0.5010 0.8572 -0.1192
vn -0.6682 0.7382 -0.0930
vn -0.8071 0.5889 0.0422
vn -0.7890 0.5976 -0.1425
vn -0.9063 0.4204 -0.0426
vn -0.9572 0.2445 -0.1552
vn -0.9991 0.0165 0.0402
vn -0.9904 0.1296 -0.0488
vn -0.9905 0.0141 -0.1370
vn -0.1738 0.9828 -0.0632
vn -0.8636 0.4491 -0.2289
vn -0.9137 0.2556 -0.3160
vn -0.3231 0.9370 -0.1330
vn -0.5424 0.7997 -0.2575
vn -0.6779 0.6663 -0.3106
vn -0.7956 0.4117 -0.4443
vn -0.8811 0.1621 -0.4444
vn -0.9534 0.0645 -0.2947
vn -0.8665 0.0128 -0.4990
vn -0.6260 0.5875 -0.5128
vn -0.6269 0.4391 -0.6436
vn -0.6947 0.3334 -0.6374
vn -0.7874 0.2366 -0.5693
vn -0.1013 0.9843 -0.1446
vn -0.2225 0.9438 -0.2445
vn -0.3424 0.8842 -0.3177
vn -0.7673 0.5326 -0.3572
vn -0.4683 0.8071 -0.3596
vn -0.3325 0.8054 -0.4906
vn -0.5421 0.7146 -0.4421
vn -0.4548 0.6719 -0.5845
vn -0.4305 0.5554 -0.7115
vn -0.5286 0.2503 -0.8111
vn -0.7683 0.0643 -0.6368
vn -0.6653 0.1458 -0.7322
vn -0.6010 0.0124 -0.7992
vn -0.5244 0.0926 -0.8465
vn -0.3908 0.0699 -0.9178
vn -0.4670 0.4119 -0.7825
vn -0.3167 0.6649 -0.6764
vn -0.2445 0.7727 -0.5857
vn -0.1866 0.6613 -0.7266
vn -0.2822 0.4138 -0.8655
vn -0.0440 0.9658 -0.2555
vn -0.1687 0.8993 -0.4034
vn -0.1038 0.8062 -0.5825
vn -0.1845 0.0826 -0.9794
vn -0.0119 0.0667 -0.9977
vn -0.2373 0.0128 -0.9713
vn -0.0007 0.8987 -0.4387
vn -0.0425 0.6720 -0.7393
vn -0.1157 0.2189 -0.9689
vn -0.3344 0.2277 -0.9145
vn 0.0903 0.7990 -0.5945
vn 0.1229 0.6410 -0.7577
vn -0.0409 0.5062 -0.8615
vn 0.1694 0.4276 -0.8879
vn 0.1021 0.9839 -0.1463
vn 0.1736 0.1464 -0.9739
vn 0.3651 0.0620 -0.9289
vn 0.1461 0.0103 -0.9892
vn 0.1065 0.9410 -0.3214
vn 0.2355 0.8648 -0.4436
vn 0.2553 0.5914 -0.7649
vn 0.3238 0.4361 -0.8396
vn 0.1104 0.3096 -0.9445
vn 0.3325 0.2441 -0.9110
vn 0.2992 0.7441 -0.5974
vn 0.4082 0.5894 -0.6971
vn 0.2500 0.9389 -0.2363
vn 0.4991 0.6876 -0.5273
vn 0.5790 0.5669 -0.5860
vn 0.4826 0.2415 -0.8419
vn 0.5814 0.1273 -0.8036
vn 0.6674 0.0218 -0.7444
vn 0.5137 0.0150 -0.8578
vn 0.6048 0.4221 -0.6753
vn 0.7561 0.4196 -0.5022
vn 0.6408 0.2923 -0.7098
vn 0.7358 0.1320 -0.6642
vn 0.7971 0.0140 -0.6036
vn 0.4270 0.8598 -0.2800
vn 0.4228 0.7985 -0.4286
vn 0.5969 0.7429 -0.3028
vn 0.7144 0.5836 -0.3861
vn 0.8443 0.4339 -0.3145
vn 0.8874 0.2862 -0.3613
vn 0.8644 0.4162 -0.2820
vn 0.9295 0.2207 -0.2954
vn 0.8830 0.0696 -0.4641
vn 0.9668 0.0138 -0.2552
vn 0.4139 0.8999 -0.1372
vn 0.7504 0.6304 -0.1987
vn 0.7515 0.6581 -0.0459
vn 0.9983 0.0197 -0.0545
vn 0.6317 0.0002 -0.7752
vn 0.4610 0.0002 -0.8874
vn 0.1124 0.0027 -0.9937
vn -0.9956 0.0006 -0.0935
vn -0.8765 0.0030 0.4815
vn -0.7703 0.0018 0.6377
vn -0.4737 0.0008 -0.8807
vn -0.6381 0.0022 -0.7699
vn 0.8819 0.0019 -0.4714
vn 0.7701 0.0006 -0.6379
vn 0.4748 0.0025 0.8801
vn 0.6379 0.0028 0.7701
vn -0.1010 0.0006 -0.9949
vn -0.2936 0.0008 -0.9559
vn -0.4614 0.0010 0.8872
vn -0.3257 0.0153 0.9454
vn -0.8842 0.0022 -0.4671
vn 0.9956 0.0018 0.0938
vn -0.6685 0.0167 0.7436
vn 0.9613 0.0024 0.2756
vn -0.9570 0.0019 -0.2902
vn 0.9948 0.0002 -0.1015
vn 0.9555 0.0022 -0.2949
vn 0.2829 0.0043 0.9591
vn -0.7730 0.0019 -0.6344
vn -0.6299 0.0013 0.7767
vn 0.9887 0.0458 0.1426
vn 0.9560 -0.2088 0.2062
vn 0.9713 -0.2242 -0.0798
vn 0.7417 -0.6643 -0.0929
vn 0.8776 -0.4740 0.0711
vn 0.7302 -0.6562 0.1902
vn 0.8897 0.4546 0.0416
vn 0.7586 0.5616 0.3302
vn 0.9154 0.3210 0.2429
vn 0.3576 -0.9296 -0.0896
vn 0.5228 -0.8480 0.0869
vn 0.2871 -0.9387 0.1910
vn 0.1689 -0.9854 0.0226
vn 0.7320 0.6813 -0.0020
vn 0.6199 0.7455 0.2449
vn 0.7889 -0.4564 0.4115
vn 0.8141 0.2502 0.5240
vn 0.9204 0.0821 0.3822
vn 0.8441 -0.1308 0.5199
vn 0.5231 0.8523 -0.0013
vn 0.3360 0.9261 0.1713
vn 0.0444 -0.9882 0.1463
vn -0.0506 -0.9980 -0.0387
vn 0.6364 -0.3090 0.7067
vn 0.5722 -0.7517 0.3279
vn 0.3652 -0.8339 0.4137
vn 0.0579 -0.9328 0.3556
vn 0.1374 0.8888 0.4372
vn 0.4192 0.7683 0.4837
vn 0.5400 -0.5988 0.5915
vn 0.6411 0.5532 0.5319
vn 0.4683 0.4766 0.7440
vn 0.6481 0.2462 0.7206
vn 0.6141 0.0299 0.7887
vn 0.0949 0.9747 0.2024
vn 0.3998 -0.5094 0.7620
vn 0.3306 0.1574 0.9306
vn 0.2914 -0.7555 0.5867
vn 0.3862 -0.1255 0.9138
vn 0.2965 -0.3406 0.8922
vn 0.1797 0.6472 0.7408
vn 0.2305 0.3940 0.8898
vn 0.1224 -0.5865 0.8007
vn 0.0808 -0.7577 0.6476
vn 0.0281 -0.0360 0.9990
vn -0.0013 -0.3418 0.9398
vn -0.0970 0.5577 0.8243
vn -0.0231 0.2327 0.9723
vn -0.1018 -0.8227 0.5593
vn 0.0491 0.7803 0.6235
vn -0.2276 0.7899 0.5694
vn -0.2060 -0.5611 0.8017
vn -0.2727 0.2785 0.9209
vn -0.1645 0.9677 0.1913
vn -0.1865 0.9142 0.3598
vn -0.2707 -0.0971 0.9578
vn -0.4224 -0.2058 0.8827
vn -0.3845 0.5076 0.7710
vn -0.3027 -0.8118 0.4994
vn 0.0207 0.9996 0.0174
vn -0.4184 -0.5647 0.7114
vn -0.5589 0.1717 0.8113
vn -0.2140 -0.9573 0.1944
vn -0.6862 -0.1680 0.7077
vn -0.4756 0.8177 0.3244
vn -0.5269 0.6031 0.5989
vn -0.5249 -0.3847 0.7593
vn -0.7064 -0.4570 0.5405
vn -0.6066 -0.6944 0.3871
vn -0.4805 -0.8492 0.2190
vn -0.7246 0.5853 0.3638
vn -0.7059 0.3931 0.5892
vn -0.9211 0.2856 0.2644
vn -0.8146 0.1016 0.5711
vn -0.2083 0.9771 -0.0431
vn -0.8760 -0.1273 0.4653
vn -0.8966 -0.3204 0.3058
vn -0.6959 0.7138 0.0791
vn -0.8517 0.5149 0.0974
vn -0.3454 -0.9368 -0.0564
vn -0.9824 -0.0348 0.1833
vn -0.8256 -0.5263 0.2036
vn -0.4660 0.8827 0.0603
vn -0.9210 -0.3831 -0.0708
vn -0.7153 -0.6987 -0.0128
vn -0.9935 -0.0048 -0.1140
vn -0.9470 0.3051 -0.1006
vn -0.3475 0.9243 -0.1577
vn -0.1689 -0.9715 -0.1665
vn -0.5751 0.7679 -0.2820
vn -0.7776 0.6047 -0.1720
vn -0.7825 -0.5435 -0.3037
vn -0.9031 0.1300 -0.4094
vn -0.5500 -0.8287 -0.1034
vn -0.4281 -0.8571 -0.2865
vn -0.8876 -0.2105 -0.4096
vn -0.8066 0.4573 -0.3745
vn -0.6440 0.5356 -0.5462
vn -0.7542 0.1913 -0.6281
vn -0.3634 0.8490 -0.3837
vn -0.7326 -0.0800 -0.6759
vn -0.5451 -0.2396 -0.8034
vn -0.6968 -0.4122 -0.5869
vn -0.4153 0.6691 -0.6163
vn -0.4389 -0.5268 -0.7279
vn -0.4535 -0.7418 -0.4940
vn -0.6200 -0.6779 -0.3951
vn -0.1286 0.9277 -0.3504
vn -0.3096 -0.2105 -0.9273
vn -0.1975 0.8182 -0.5400
vn -0.1892 0.6566 -0.7302
vn -0.5290 0.4086 -0.7438
vn -0.2763 0.3851 -0.8805
vn -0.4926 0.0895 -0.8656
vn -0.1503 -0.7137 -0.6841
vn -0.0679 -0.8336 -0.5481
vn -0.2251 -0.8865 -0.4043
vn -0.0111 -0.9485 -0.3165
vn -0.1302 -0.4690 -0.8735
vn -0.1469 0.1612 -0.9759
vn 0.0350 0.5858 -0.8097
vn 0.1137 0.3583 -0.9267
vn -0.0089 0.9859 -0.1672
vn 0.1347 0.9181 -0.3727
vn 0.1732 -0.9574 -0.2312
vn 0.0868 0.8200 -0.5657
vn 0.1750 -0.8509 -0.4954
vn 0.1357 0.0833 -0.9872
vn -0.0815 -0.1564 -0.9843
vn 0.1698 -0.2696 -0.9479
vn 0.2655 0.6302 -0.7296
vn 0.4323 -0.3410 -0.8348
vn 0.1665 -0.5888 -0.7909
vn 0.3461 -0.7402 -0.5764
vn 0.3819 0.0286 -0.9238
vn 0.3653 0.3476 -0.8636
vn 0.4284 0.7212 -0.5444
vn 0.5078 -0.5471 -0.6654
vn 0.2534 0.9595 -0.1233
vn 0.6040 -0.0752 -0.7935
vn 0.6931 -0.2825 -0.6631
vn 0.5470 0.4480 -0.7072
vn 0.6746 0.1469 -0.7234
vn 0.5100 -0.8217 -0.2544
vn 0.8332 0.2511 -0.4927
vn 0.8369 -0.1365 -0.5301
vn 0.7362 -0.4818 -0.4753
vn 0.7004 0.5341 -0.4734
vn 0.7259 0.6385 -0.2557
vn 0.8960 0.3820 -0.2264
vn 0.9807 0.1617 -0.1103
vn 0.9462 -0.0966 -0.3089
vn 0.4631 0.8350 -0.2972
vn 0.8475 -0.4579 -0.2685
vn 0.1036 0.9732 -0.2055
vn 0.2766 0.9355 0.2196
vn 0.3762 0.9175 -0.1292
vn 0.8944 -0.4287 0.1273
vn 0.7401 -0.5443 0.3951
vn 0.6703 -0.7417 -0.0260
vn 0.9735 0.1791 -0.1422
vn 0.9139 0.2930 0.2810
vn 0.9607 -0.0629 0.2702
vn 0.3810 -0.9015 -0.2052
vn 0.4556 -0.8319 0.3169
vn 0.1743 -0.9839 0.0408
vn 0.6034 0.7962 0.0449
vn 0.0012 0.9902 0.1396
vn -0.1093 0.9833 -0.1452
vn 0.8138 0.0911 0.5739
vn 0.7732 0.5421 0.3291
vn 0.5987 0.4307 0.6753
vn 0.1776 -0.9172 0.3567
vn 0.4747 0.7686 0.4288
vn 0.4931 -0.4765 0.7279
vn 0.4648 0.1917 0.8644
vn 0.2552 -0.6677 0.6994
vn 0.3101 -0.1141 0.9438
vn 0.7159 -0.1970 0.6699
vn 0.0497 0.8727 0.4858
vn 0.2383 0.6678 0.7052
vn 0.1827 0.3210 0.9293
vn 0.0512 -0.3541 0.9338
vn -0.2372 -0.6260 0.7429
vn -0.1036 0.6628 0.7416
vn -0.1899 0.3643 0.9117
vn -0.0286 -0.8341 0.5509
vn -0.1257 0.0290 0.9916
vn -0.3482 -0.2287 0.9091
vn -0.4843 0.5758 0.6587
vn -0.5662 0.1307 0.8139
vn -0.6507 -0.3304 0.6837
vn -0.3067 0.8861 0.3473
vn -0.3026 -0.8991 0.3163
vn -0.7318 0.5037 0.4591
vn -0.8693 0.0891 0.4861
vn -0.0468 -0.9861 0.1597
vn -0.2588 -0.9651 -0.0397
vn -0.9275 -0.2061 0.3118
vn -0.6174 0.7805 0.0983
vn -0.8831 0.4550 0.1146
vn -0.9828 0.1665 0.0797
vn -0.5687 -0.6861 0.4537
vn -0.6201 -0.7809 -0.0749
vn -0.3561 0.9326 -0.0590
vn -0.9522 -0.2997 -0.0597
vn -0.7952 -0.5621 0.2272
vn -0.9462 0.0744 -0.3150
vn -0.8101 0.5616 -0.1683
vn -0.7914 0.4384 -0.4259
vn -0.2476 -0.9070 -0.3408
vn -0.8225 -0.4703 -0.3198
vn -0.5348 0.7381 -0.4114
vn -0.6880 -0.4825 -0.5420
vn -0.3684 -0.7411 -0.5613
vn -0.7988 0.0051 -0.6016
vn -0.2699 0.8588 -0.4354
vn -0.5398 0.4055 -0.7377
vn -0.5671 -0.1404 -0.8116
vn -0.3645 -0.4891 -0.7924
vn 0.0588 -0.9747 -0.2158
vn -0.2470 0.5780 -0.7778
vn -0.2244 0.1330 -0.9654
vn 0.1389 -0.8024 -0.5804
vn -0.1709 -0.1973 -0.9653
vn 0.0309 0.7459 -0.6653
vn 0.1300 0.3323 -0.9342
vn -0.0157 -0.5503 -0.8348
vn 0.2236 -0.1572 -0.9619
vn 0.2693 0.8402 -0.4708
vn 0.4933 0.5283 -0.6911
vn 0.4756 0.2311 -0.8488
vn 0.3789 -0.4660 -0.7996
vn 0.6148 -0.0327 -0.7880
vn 0.7464 -0.2905 -0.5988
vn 0.5848 0.7304 -0.3529
vn 0.5786 -0.6760 -0.4563
vn 0.8122 0.1745 -0.5567
vn 0.8830 -0.3292 -0.3347
vn 0.8435 0.5352 -0.0448
vn 0.7881 0.4927 -0.3689
vn 0.9781 -0.1942 -0.0746
vn 0.3814 -0.8989 -0.2158
vn 0.6940 -0.5865 -0.4177
vn 0.8524 0.5164 -0.0822
vn 0.6839 -0.7288 0.0338
vn 0.8429 0.5235 0.1245
vn 0.4316 -0.3008 0.8504
vn 0.4648 -0.4264 0.7760
vn 0.1895 -0.8288 0.5265
vn 0.3029 -0.4287 0.8511
vn 0.2739 -0.5869 0.7619
vn 0.2353 0.6209 0.7478
vn 0.1321 -0.4261 0.8950
vn -0.0506 -0.2405 0.9693
vn -0.2614 -0.9374 0.2302
vn -0.9881 0.0384 -0.1490
vn -0.9404 0.0482 -0.3366
vn -0.6359 -0.3343 -0.6956
vn -0.5773 -0.5099 -0.6377
vn -0.5088 -0.1476 -0.8481
vn -0.4847 -0.3323 -0.8091
vn 0.9771 0.2055 -0.0552
vn 0.9321 0.2878 0.2200
vn -0.2169 -0.9614 -0.1696
vn -0.5616 -0.6848 -0.4644
vn -0.3834 -0.8578 -0.3424
vn 0.2867 0.2271 -0.9307
vn 0.7494 -0.4053 -0.5236
vn -0.4452 0.6172 0.6488
vn 0.8403 0.5305 0.1120
vn 0.1383 0.3476 0.9274
vn -0.9850 0.0707 0.1577
vn -0.1994 0.5292 -0.8247
vn -0.0430 0.3424 -0.9386
vn 0.4583 0.4269 -0.7795
vn 0.7969 0.2595 -0.5456
vn 0.7816 0.0033 0.6238
vn 0.8910 0.0033 0.4541
vn 0.0797 0.0049 0.9968
vn -0.1128 0.0040 0.9936
vn -0.9933 0.0027 0.1155
vn -0.2885 0.0006 0.9575
vn 0.2987 0.0017 -0.9544
vn -0.9513 0.0044 0.3083
vn 0.6057 -0.6827 -0.4088
vn 0.4392 0.8984 -0.0000
vn 0.4392 -0.8984 -0.0001
vt 0.729065 0.875000
vt 0.703020 0.828158
vt 0.778426 0.821738
vt 0.729079 0.354107
vt 0.708414 0.322941
vt 0.749952 0.304865
vt 0.742380 0.765529
vt 0.698721 0.768527
vt 0.726421 0.702987
vt 0.759298 0.693219
vt 0.772987 0.172328
vt 0.742002 0.228924
vt 0.695479 0.172492
vt 0.742287 0.640481
vt 0.715263 0.617991
vt 0.721057 0.134525
vt 0.739086 0.581178
vt 0.713126 0.544424
vt 0.711922 0.093982
vt 0.653452 0.050441
vt 0.791930 0.051377
vt 0.757838 0.544932
vt 0.734375 0.520449
vt 0.753088 0.500004
vt 0.757722 0.453786
vt 0.734375 0.479550
vt 0.739086 0.418822
vt 0.713125 0.455570
vt 0.759298 0.369132
vt 0.711017 0.390719
vt 0.682515 0.427692
vt 0.674462 0.364358
vt 0.718196 0.264468
vt 0.688086 0.295658
vt 0.687995 0.233332
vt 0.695171 0.702987
vt 0.695213 0.640480
vt 0.682512 0.572325
vt 0.663942 0.671767
vt 0.637773 0.136028
vt 0.663973 0.625000
vt 0.642205 0.602395
vt 0.680806 0.906002
vt 0.636553 0.857653
vt 0.636134 0.793607
vt 0.648558 0.328233
vt 0.663897 0.734293
vt 0.619711 0.736562
vt 0.617330 0.297013
vt 0.648359 0.266083
vt 0.648050 0.203730
vt 0.602479 0.093981
vt 0.584713 0.052827
vt 0.609375 0.000000
vt 0.678764 0.950808
vt 0.549209 0.919010
vt 0.598022 0.377102
vt 0.625173 0.359090
vt 0.645087 0.404955
vt 0.578271 0.797241
vt 0.585420 0.343750
vt 0.588357 0.237276
vt 0.585521 0.187500
vt 0.625060 0.672735
vt 0.598021 0.622898
vt 0.586080 0.702987
vt 0.585420 0.656250
vt 0.555670 0.358902
vt 0.554371 0.750000
vt 0.554829 0.702987
vt 0.555670 0.641098
vt 0.539063 0.968750
vt 0.549547 0.961610
vt 0.546875 1.000000
vt 0.515409 0.862625
vt 0.574647 0.860199
vt 0.515771 0.797241
vt 0.554829 0.297013
vt 0.528203 0.237529
vt 0.517926 0.693086
vt 0.515816 0.354281
vt 0.492330 0.297013
vt 0.523579 0.297013
vt 0.507647 0.734293
vt 0.547700 0.204763
vt 0.491771 0.187500
vt 0.493172 0.093982
vt 0.434523 0.053003
vt 0.492188 0.031250
vt 0.467577 0.054154
vt 0.484375 0.000000
vt 0.477266 0.354736
vt 0.463591 0.302236
vt 0.473929 0.714495
vt 0.473414 0.830028
vt 0.445514 0.765529
vt 0.522120 0.141175
vt 0.475758 0.140864
vt 0.436914 0.704342
vt 0.453158 0.218750
vt 0.429237 0.172328
vt 0.414186 0.110265
vt 0.438546 0.888904
vt 0.419546 0.822719
vt 0.444333 0.358879
vt 0.426902 0.323974
vt 0.372312 0.829379
vt 0.401978 0.377102
vt 0.398802 0.328779
vt 0.398630 0.765529
vt 0.452293 0.267280
vt 0.411539 0.263438
vt 0.398076 0.218750
vt 0.444333 0.641121
vt 0.409821 0.667229
vt 0.401979 0.622898
vt 0.367330 0.297013
vt 0.366771 0.187500
vt 0.382481 0.709150
vt 0.366963 0.639881
vt 0.362847 0.139835
vt 0.363830 0.600815
vt 0.343320 0.081592
vt 0.415420 0.936341
vt 0.337056 0.906002
vt 0.336815 0.858959
vt 0.366963 0.360119
vt 0.363830 0.399185
vt 0.367188 0.031250
vt 0.356703 0.038390
vt 0.359375 0.000000
vt 0.367188 0.031250
vt 0.351764 0.765529
vt 0.343164 0.704342
vt 0.336037 0.640480
vt 0.313136 0.673187
vt 0.300586 0.611589
vt 0.299641 0.946338
vt 0.330797 0.961610
vt 0.328125 1.000000
vt 0.284698 0.863365
vt 0.304272 0.812500
vt 0.304880 0.765529
vt 0.356265 0.237803
vt 0.336080 0.297013
vt 0.304486 0.234471
vt 0.286874 0.455575
vt 0.270724 0.417282
vt 0.305218 0.406250
vt 0.260600 0.798506
vt 0.270879 0.739296
vt 0.286874 0.544425
vt 0.327204 0.578315
vt 0.297924 0.141078
vt 0.245824 0.109138
vt 0.273558 0.671767
vt 0.249340 0.641983
vt 0.242330 0.702987
vt 0.241737 0.172328
vt 0.266014 0.584744
vt 0.265625 0.520450
vt 0.237688 0.553759
vt 0.246910 0.500001
vt 0.237412 0.497280
vt 0.265625 0.479550
vt 0.212055 0.906002
vt 0.230303 0.857653
vt 0.273580 0.297013
vt 0.245300 0.232062
vt 0.242380 0.765529
vt 0.211162 0.796845
vt 0.242287 0.359520
vt 0.212519 0.343488
vt 0.242330 0.297013
vt 0.211103 0.734293
vt 0.211103 0.265707
vt 0.211058 0.671767
vt 0.226483 0.609282
vt 0.209623 0.515608
vt 0.169388 0.948891
vt 0.273957 0.944136
vt 0.234375 1.000000
vt 0.195088 0.203155
vt 0.179201 0.156250
vt 0.199557 0.589630
vt 0.182627 0.109018
vt 0.118873 0.054621
vt 0.247202 0.050441
vt 0.178373 0.515608
vt 0.150237 0.056576
vt 0.203125 0.000000
vt 0.210967 0.468750
vt 0.179727 0.453164
vt 0.210997 0.421984
vt 0.168397 0.860199
vt 0.174055 0.400735
vt 0.164479 0.812500
vt 0.164264 0.765529
vt 0.164338 0.718750
vt 0.163963 0.359520
vt 0.145914 0.322941
vt 0.186865 0.326813
vt 0.179853 0.265707
vt 0.151563 0.200987
vt 0.179767 0.609282
vt 0.171929 0.670876
vt 0.159765 0.586650
vt 0.147123 0.515608
vt 0.132763 0.562500
vt 0.116474 0.534192
vt 0.087627 0.891995
vt 0.148477 0.453164
vt 0.132733 0.390719
vt 0.102013 0.827672
vt 0.109524 0.368107
vt 0.112844 0.294269
vt 0.148603 0.265707
vt 0.128543 0.665134
vt 0.101764 0.234471
vt 0.116701 0.156250
vt 0.086058 0.328233
vt 0.117329 0.702987
vt 0.101764 0.765529
vt 0.086079 0.702987
vt 0.085521 0.187500
vt 0.104060 0.614771
vt 0.132733 0.609282
vt 0.085997 0.578016
vt 0.100495 0.508870
vt 0.076195 0.481828
vt 0.117227 0.453164
vt 0.085997 0.421984
vt 0.070283 0.531250
vt 0.045902 0.950651
vt 0.104180 0.945906
vt 0.078125 1.000000
vt 0.075453 0.038390
vt 0.078125 0.000000
vt 0.054747 0.421984
vt 0.070223 0.375000
vt 0.029512 0.856855
vt 0.039450 0.796270
vt 0.054808 0.328233
vt 0.046958 0.733387
vt 0.070159 0.281250
vt 0.046843 0.234497
vt 0.074803 0.655469
vt 0.050361 0.139835
vt 0.054767 0.609282
vt 0.046952 0.554753
vt 0.031836 0.295658
vt 0.038942 0.671767
vt 0.018511 0.172295
vt 0.026001 0.603817
vt 0.040058 0.093963
vt 0.031840 0.052889
vt 0.046875 0.484392
vt 0.031250 0.441437
vt 0.036479 0.364907
vt 0.022124 0.515608
vt 0.007773 0.453163
vt 0.011194 0.906043
vt 0.007733 0.390719
vt 0.005189 0.333551
vt 0.007779 0.727926
vt 0.000000 0.830244
vt 0.000000 0.765529
vt 0.006143 0.269080
vt 0.003087 0.200185
vt 0.000000 0.125000
vt 0.003915 0.539253
vt 0.992341 0.718750
vt 0.968164 0.704342
vt 1.000000 0.671767
vt 0.979079 0.645893
vt 0.996484 0.610811
vt 0.990737 0.200185
vt 0.937519 0.156250
vt 0.992476 0.156250
vt 0.976513 0.562500
vt 1.000000 0.539253
vt 0.976523 0.453164
vt 0.961017 0.390718
vt 0.994783 0.389753
vt 1.000000 0.333551
vt 0.976443 0.328233
vt 0.992380 0.765529
vt 0.980230 0.830244
vt 0.945514 0.765529
vt 0.953019 0.274890
vt 0.996877 0.262740
vt 0.940321 0.449659
vt 0.940935 0.371239
vt 0.964312 0.891176
vt 0.924130 0.830693
vt 0.929830 0.297012
vt 0.927140 0.708153
vt 0.976370 0.234471
vt 0.945088 0.203155
vt 0.947836 0.677060
vt 0.961017 0.609282
vt 0.937737 0.586399
vt 0.945688 0.953970
vt 0.955797 0.961610
vt 0.953125 1.000000
vt 0.972632 0.051083
vt 0.950453 0.038390
vt 0.953125 0.000000
vt 0.868436 0.137669
vt 0.959314 0.112679
vt 0.921041 0.638958
vt 0.905532 0.579593
vt 0.908065 0.051614
vt 0.843697 0.093974
vt 0.931913 0.951775
vt 0.861709 0.919010
vt 0.878448 0.863365
vt 0.902912 0.397514
vt 0.913963 0.359520
vt 0.895914 0.322941
vt 0.898662 0.796845
vt 0.898603 0.734293
vt 0.903200 0.262395
vt 0.896950 0.662063
vt 0.851979 0.812500
vt 0.851764 0.765529
vt 0.867329 0.702987
vt 0.867287 0.640480
vt 0.898050 0.203729
vt 0.890625 0.549669
vt 0.915376 0.515608
vt 0.867247 0.578016
vt 0.865874 0.515608
vt 0.897430 0.049919
vt 0.887953 0.038390
vt 0.890625 0.000000
vt 0.890625 0.484392
vt 0.867227 0.453164
vt 0.905499 0.451596
vt 0.838561 0.666449
vt 0.843750 0.589812
vt 0.821601 0.858862
vt 0.824656 0.705731
vt 0.867353 0.265707
vt 0.839082 0.200987
vt 0.827492 0.329027
vt 0.804853 0.265707
vt 0.836103 0.265707
vt 0.817729 0.635093
vt 0.802310 0.136996
vt 0.834623 0.515608
vt 0.820253 0.578016
vt 0.803374 0.515608
vt 0.830797 0.961610
vt 0.825506 0.989522
vt 0.789003 0.578016
vt 0.774513 0.508878
vt 0.812500 0.455871
vt 0.789023 0.453163
vt 0.767782 0.919432
vt 0.796922 0.391612
vt 0.788942 0.328233
vt 0.773603 0.265707
vt 0.789264 0.765529
vt 0.788921 0.702987
vt 0.796842 0.218750
vt 0.788963 0.640480
vt 0.765625 0.612174
vt 0.762953 0.038390
vt 0.765625 0.000000
vt 0.740556 0.763918
vt 0.708665 0.659724
vt 0.765389 0.633505
vt 0.730816 0.536759
vt 0.684679 0.450289
vt 0.751469 0.419481
vt 0.742735 0.851591
vt 0.662571 0.763798
vt 0.718061 0.350155
vt 0.671740 0.234903
vt 0.726757 0.265738
vt 0.748098 0.158234
vt 0.670281 0.559586
vt 0.602385 0.131467
vt 0.649548 0.453530
vt 0.654849 0.343862
vt 0.603327 0.919493
vt 0.591265 0.818265
vt 0.591581 0.749406
vt 0.602914 0.237384
vt 0.634679 0.663701
vt 0.601881 0.567045
vt 0.601593 0.475518
vt 0.575979 0.347701
vt 0.536912 0.238141
vt 0.532126 0.712603
vt 0.570447 0.640457
vt 0.554980 0.544727
vt 0.540768 0.436673
vt 0.554688 0.031250
vt 0.528601 0.055804
vt 0.546875 0.000000
vt 0.504474 0.606222
vt 0.498286 0.297318
vt 0.479552 0.174044
vt 0.483287 0.073057
vt 0.656537 0.062965
vt 0.497670 0.471133
vt 0.465878 0.429338
vt 0.450486 0.297222
vt 0.404307 0.173925
vt 0.438751 0.562455
vt 0.445783 0.949880
vt 0.455797 0.961610
vt 0.453125 1.000000
vt 0.415520 0.054686
vt 0.453125 0.000000
vt 0.500908 0.824426
vt 0.400090 0.925007
vt 0.419538 0.816789
vt 0.403705 0.422787
vt 0.398280 0.328260
vt 0.372664 0.246701
vt 0.450803 0.707263
vt 0.363893 0.773676
vt 0.393509 0.687074
vt 0.393784 0.609635
vt 0.338097 0.673234
vt 0.326867 0.082575
vt 0.365778 0.506335
vt 0.351615 0.398349
vt 0.330284 0.311248
vt 0.287269 0.195798
vt 0.327837 0.579575
vt 0.308780 0.482947
vt 0.296476 0.877309
vt 0.283848 0.781776
vt 0.305328 0.402768
vt 0.274315 0.309709
vt 0.263868 0.678110
vt 0.266275 0.557316
vt 0.258281 0.949881
vt 0.268297 0.961611
vt 0.265625 1.000000
vt 0.261327 0.454415
vt 0.225220 0.374096
vt 0.194688 0.254205
vt 0.194237 0.170252
vt 0.137274 0.088586
vt 0.210818 0.478047
vt 0.201657 0.596515
vt 0.154147 0.466966
vt 0.210938 0.031250
vt 0.191605 0.063057
vt 0.195579 0.949636
vt 0.204357 0.813196
vt 0.169010 0.353108
vt 0.166295 0.703981
vt 0.119075 0.289773
vt 0.129164 0.607709
vt 0.084246 0.509419
vt 0.098087 0.380350
vt 0.087794 0.184059
vt 0.137037 0.797882
vt 0.075757 0.719034
vt 0.055415 0.622808
vt 0.045913 0.380596
vt 0.087370 0.881186
vt 0.034664 0.803985
vt 0.016958 0.706279
vt 0.009513 0.156861
vt 0.014955 0.530872
vt 0.004211 0.400526
vt 0.000000 0.328261
vt 0.025646 0.266857
vt 0.000000 0.640456
vt 0.997132 0.503266
vt 0.955329 0.487835
vt 0.981529 0.412968
vt 1.000000 0.906250
vt 0.934019 0.949030
vt 0.953257 0.870850
vt 0.992414 0.796239
vt 0.925385 0.783400
vt 0.948739 0.711562
vt 1.000000 0.706396
vt 0.905865 0.432217
vt 0.979455 0.157331
vt 0.865683 0.089821
vt 0.969045 0.041783
vt 0.922455 0.151459
vt 0.892882 0.252525
vt 0.900876 0.644460
vt 0.964247 0.621012
vt 0.902038 0.570302
vt 0.866731 0.334768
vt 0.960655 0.310080
vt 0.843913 0.759132
vt 0.844994 0.189833
vt 0.860083 0.554891
vt 0.844689 0.412705
vt 0.829717 0.506373
vt 0.783334 0.918046
vt 0.861894 0.849486
vt 0.797885 0.277780
vt 0.827812 0.678444
vt 0.825454 0.038390
vt 0.830960 0.011341
vt 0.799635 0.432652
vt 0.785797 0.553046
vt 0.774318 0.850789
vt 0.713625 0.939061
vt 0.665020 0.854126
vt 0.736632 0.462414
vt 0.686013 0.381711
vt 0.732546 0.364816
vt 0.762308 0.289539
vt 0.697546 0.260796
vt 0.699415 0.733344
vt 0.689852 0.662325
vt 0.755400 0.622518
vt 0.687816 0.510674
vt 0.660420 0.475573
vt 0.598961 0.768624
vt 0.635561 0.698755
vt 0.652027 0.312190
vt 0.628099 0.241806
vt 0.622518 0.587984
vt 0.642215 0.166378
vt 0.570696 0.915291
vt 0.639207 0.407379
vt 0.713387 0.812271
vt 0.606133 0.361283
vt 0.614624 0.477136
vt 0.696158 0.135490
vt 0.570220 0.107595
vt 0.677470 0.053023
vt 0.563241 0.835627
vt 0.575522 0.421220
vt 0.551255 0.275158
vt 0.579263 0.647413
vt 0.571687 0.508927
vt 0.579478 0.209848
vt 0.438728 0.079874
vt 0.555608 0.338883
vt 0.524407 0.744001
vt 0.534473 0.553220
vt 0.489458 0.175827
vt 0.537120 0.639242
vt 0.489387 0.975488
vt 0.498192 0.852251
vt 0.532453 0.425701
vt 0.479168 0.268617
vt 0.496704 0.588412
vt 0.494273 0.453257
vt 0.492310 0.355688
vt 0.491812 0.695145
vt 0.458154 0.617615
vt 0.470795 0.524114
vt 0.400716 0.906116
vt 0.446487 0.737156
vt 0.416958 0.648068
vt 0.419930 0.202135
vt 0.418166 0.528879
vt 0.447744 0.452102
vt 0.411698 0.784811
vt 0.413488 0.415954
vt 0.392531 0.336351
vt 0.438750 0.316441
vt 0.355122 0.153888
vt 0.376823 0.257512
vt 0.364821 0.586688
vt 0.377467 0.501541
vt 0.313122 0.867170
vt 0.336820 0.784807
vt 0.367223 0.417413
vt 0.323950 0.342853
vt 0.354872 0.673173
vt 0.295916 0.588829
vt 0.323200 0.518662
vt 0.249772 0.091530
vt 0.322576 0.430113
vt 0.317644 0.252169
vt 0.260073 0.166973
vt 0.161088 0.951754
vt 0.280431 0.468763
vt 0.272190 0.373207
vt 0.279479 0.821572
vt 0.286574 0.715781
vt 0.255581 0.639390
vt 0.218932 0.764300
vt 0.222632 0.386312
vt 0.253409 0.273492
vt 0.205969 0.660061
vt 0.210610 0.240044
vt 0.201282 0.877496
vt 0.244810 0.550517
vt 0.225017 0.488585
vt 0.180442 0.286782
vt 0.169783 0.171103
vt 0.175727 0.545263
vt 0.169342 0.460517
vt 0.151864 0.787450
vt 0.160305 0.680096
vt 0.175057 0.377345
vt 0.121470 0.347604
vt 0.137995 0.598006
vt 0.082759 0.868284
vt 0.117618 0.464382
vt 0.106078 0.677525
vt 0.097793 0.565533
vt 0.065822 0.519126
vt 0.074983 0.436816
vt 0.076303 0.762608
vt 0.059178 0.657127
vt 0.056839 0.348401
vt 0.045833 0.258759
vt 0.031820 0.570467
vt 0.013294 0.719081
vt 0.011688 0.638040
vt 0.019008 0.468852
vt 0.020262 0.394825
vt 0.004441 0.305354
vt 0.000000 0.543550
vt 0.000000 0.242676
vt 0.037058 0.175292
vt 0.993650 0.612541
vt 0.948771 0.656500
vt 0.979620 0.556953
vt 0.974434 0.836690
vt 0.953906 0.759387
vt 0.993753 0.730986
vt 1.000000 0.384560
vt 0.973670 0.431874
vt 0.983396 0.332922
vt 0.948047 0.296268
vt 0.962951 0.237266
vt 0.949849 0.521889
vt 0.930651 0.459517
vt 0.884137 0.832471
vt 0.920351 0.374350
vt 0.886971 0.743229
vt 0.889414 0.312776
vt 0.888413 0.621844
vt 0.890732 0.226087
vt 0.964399 0.170623
vt 0.897952 0.918966
vt 0.905526 0.018698
vt 0.946424 0.087136
vt 0.888306 0.489142
vt 0.865854 0.380107
vt 0.849008 0.462652
vt 0.816543 0.759576
vt 0.824012 0.291824
vt 0.826246 0.204377
vt 0.863543 0.681672
vt 0.839359 0.577393
vt 0.871423 0.131793
vt 0.784837 0.129623
vt 0.814995 0.659189
vt 0.783477 0.558952
vt 0.845910 0.981111
vt 0.763631 0.715896
vt 0.748224 0.205570
vt 0.807712 0.471834
vt 0.771615 0.422163
vt 0.919514 0.064638
vt 0.697359 0.111627
vt 0.429807 0.052401
vt 0.772342 0.776273
vt 0.739307 0.860607
vt 0.697794 0.749447
vt 0.780823 0.669753
vt 0.694541 0.561948
vt 0.772162 0.222662
vt 0.741760 0.312490
vt 0.643159 0.190394
vt 0.654744 0.300030
vt 0.584764 0.856599
vt 0.651435 0.658913
vt 0.631597 0.512398
vt 0.587916 0.944881
vt 0.615272 0.380935
vt 0.568077 0.272882
vt 0.536954 0.423063
vt 0.498483 0.251615
vt 0.476920 0.171631
vt 0.579314 0.629598
vt 0.501714 0.645497
vt 0.556045 0.520388
vt 0.583655 0.757403
vt 0.504302 0.764816
vt 0.392527 0.843145
vt 0.443545 0.685907
vt 0.481800 0.376855
vt 0.412599 0.315296
vt 0.287189 0.118321
vt 0.457929 0.527937
vt 0.400267 0.463983
vt 0.399296 0.583232
vt 0.350490 0.375773
vt 0.343906 0.242281
vt 0.330834 0.523709
vt 0.300142 0.700645
vt 0.277731 0.536063
vt 0.268455 0.365754
vt 0.246492 0.225972
vt 0.233564 0.617129
vt 0.319065 0.927518
vt 0.216805 0.795010
vt 0.173826 0.205127
vt 0.114930 0.867032
vt 0.175644 0.667208
vt 0.198085 0.327890
vt 0.086885 0.951008
vt 0.266973 0.973972
vt 0.220588 1.000000
vt 0.079146 0.140946
vt 0.220143 0.457569
vt 0.157915 0.558910
vt 0.154936 0.471150
vt 0.136605 0.354471
vt 0.096539 0.260166
vt 0.041928 0.067621
vt 0.123810 0.780466
vt 0.079640 0.425213
vt 0.109496 0.651207
vt 0.072456 0.512524
vt 0.038637 0.348986
vt 0.044493 0.747307
vt 0.026321 0.236108
vt 0.040813 0.607575
vt 0.012345 0.467884
vt 0.000000 0.538754
vt 0.977689 0.683656
vt 0.961984 0.532574
vt 1.000000 0.601101
vt 0.998390 0.126546
vt 0.931873 0.194496
vt 0.993668 0.439925
vt 0.955553 0.341716
vt 1.000000 0.748157
vt 0.952899 0.783980
vt 0.883650 0.678293
vt 0.908323 0.584432
vt 0.892691 0.450600
vt 0.868480 0.792104
vt 0.847525 0.562255
vt 0.824126 0.466762
vt 0.949095 0.878627
vt 0.909915 0.937510
vt 0.874432 0.272069
vt 0.834833 0.150111
vt 0.834841 0.347629
vt 0.780502 0.406458
vt 0.768242 0.534281
vt 0.700774 0.412366
vt 0.754668 0.799012
vt 0.731531 0.864001
vt 0.703158 0.796637
vt 0.766765 0.677319
vt 0.737052 0.661020
vt 0.749920 0.598714
vt 0.730898 0.563944
vt 0.754967 0.544996
vt 0.711764 0.609256
vt 0.696087 0.562500
vt 0.687500 0.527988
vt 0.710997 0.528143
vt 0.680928 0.936343
vt 0.631772 0.906003
vt 0.750048 0.905994
vt 0.710607 0.734289
vt 0.679853 0.734293
vt 0.686865 0.673187
vt 0.679767 0.609280
vt 0.664483 0.550866
vt 0.663135 0.509505
vt 0.671901 0.855050
vt 0.648050 0.796270
vt 0.648604 0.734293
vt 0.605914 0.860199
vt 0.617353 0.734293
vt 0.657062 0.632357
vt 0.633212 0.576398
vt 0.640625 0.527915
vt 0.617720 0.527328
vt 0.593272 0.947791
vt 0.643295 0.961608
vt 0.640625 1.000000
vt 0.617287 0.640481
vt 0.601432 0.687500
vt 0.586037 0.640480
vt 0.601874 0.574978
vt 0.585975 0.528140
vt 0.596867 0.799747
vt 0.582538 0.740357
vt 0.640716 0.679509
vt 0.538199 0.892225
vt 0.554953 0.828086
vt 0.565494 0.699721
vt 0.557271 0.635093
vt 0.570712 0.576398
vt 0.555220 0.527328
vt 0.536439 0.666449
vt 0.538008 0.583892
vt 0.523476 0.528139
vt 0.508263 0.827672
vt 0.562521 0.781250
vt 0.534271 0.730920
vt 0.508174 0.781250
vt 0.496950 0.737605
vt 0.507692 0.671767
vt 0.508587 0.562500
vt 0.492714 0.527322
vt 0.468272 0.947791
vt 0.552817 0.945268
vt 0.515625 1.000000
vt 0.477128 0.562500
vt 0.460976 0.528131
vt 0.476842 0.889885
vt 0.445763 0.827672
vt 0.472293 0.665134
vt 0.445514 0.765529
vt 0.461080 0.702987
vt 0.421032 0.701447
vt 0.432311 0.666449
vt 0.445234 0.609281
vt 0.476483 0.609282
vt 0.434414 0.553521
vt 0.398126 0.574986
vt 0.398476 0.528131
vt 0.375049 0.905994
vt 0.421892 0.875000
vt 0.372313 0.829379
vt 0.398661 0.796845
vt 0.396948 0.724402
vt 0.409728 0.625524
vt 0.351763 0.765529
vt 0.355299 0.709359
vt 0.372027 0.668565
vt 0.369751 0.603816
vt 0.366872 0.550089
vt 0.325651 0.948897
vt 0.427818 0.945268
vt 0.390625 1.000000
vt 0.347198 0.863365
vt 0.335626 0.574986
vt 0.335976 0.528131
vt 0.343089 0.641984
vt 0.320171 0.702987
vt 0.317729 0.635094
vt 0.304289 0.576403
vt 0.265580 0.906011
vt 0.304272 0.812500
vt 0.299986 0.762198
vt 0.262429 0.793725
vt 0.284244 0.699722
vt 0.288965 0.640480
vt 0.276948 0.579862
vt 0.312500 0.527981
vt 0.289036 0.528084
vt 0.260372 0.739296
vt 0.257714 0.640480
vt 0.250157 0.578632
vt 0.284944 0.861078
vt 0.230658 0.856819
vt 0.195479 0.827508
vt 0.210736 0.765528
vt 0.242330 0.702986
vt 0.206595 0.705731
vt 0.226464 0.640480
vt 0.207359 0.579287
vt 0.243381 0.509587
vt 0.226981 0.550859
vt 0.211935 0.509512
vt 0.212017 0.953253
vt 0.260428 0.945910
vt 0.193690 0.650083
vt 0.179288 0.576404
vt 0.171913 0.889834
vt 0.163838 0.796845
vt 0.163898 0.734294
vt 0.152832 0.633774
vt 0.159361 0.557247
vt 0.191722 0.527245
vt 0.149436 0.509512
vt 0.125050 0.703950
vt 0.105743 0.647222
vt 0.114690 0.614772
vt 0.133212 0.576404
vt 0.102360 0.949771
vt 0.100692 0.892225
vt 0.109340 0.843750
vt 0.163943 0.671768
vt 0.128092 0.799747
vt 0.080099 0.799769
vt 0.125020 0.750000
vt 0.086103 0.734293
vt 0.070550 0.687500
vt 0.075832 0.580537
vt 0.129222 0.527246
vt 0.101982 0.550858
vt 0.086935 0.509512
vt 0.112045 0.961608
vt 0.109375 1.000000
vt 0.069980 0.532552
vt 0.043113 0.527219
vt 0.070213 0.640481
vt 0.054853 0.734294
vt 0.046908 0.781250
vt 0.023603 0.734293
vt 0.034207 0.637362
vt 0.016274 0.922169
vt 0.049959 0.860667
vt 0.012161 0.799075
vt 0.007482 0.531770
vt 0.000000 0.500000
vt 0.024435 0.509159
vt 0.007154 0.857647
vt 0.000000 0.734294
vt 0.007569 0.569505
vt 0.039374 0.574985
vt 0.992353 0.734294
vt 0.960550 0.796271
vt 0.960763 0.725679
vt 0.992307 0.671767
vt 0.952291 0.638958
vt 1.000000 0.531250
vt 0.991413 0.562500
vt 0.980614 0.525775
vt 0.976563 0.968750
vt 0.987045 0.961608
vt 0.984375 1.000000
vt 0.988254 0.921886
vt 0.981435 0.857647
vt 1.000000 0.799075
vt 0.953508 0.549147
vt 0.918109 0.527231
vt 0.961940 0.509513
vt 0.932050 0.895239
vt 0.906296 0.832991
vt 0.937450 0.703950
vt 0.927171 0.645893
vt 0.963501 0.603817
vt 0.929288 0.576398
vt 0.909342 0.768648
vt 0.898579 0.702986
vt 0.911423 0.947870
vt 0.853993 0.891097
vt 0.864304 0.740633
vt 0.861927 0.693269
vt 0.901949 0.579856
vt 0.883128 0.550097
vt 0.868391 0.509587
vt 0.899441 0.509514
vt 0.867287 0.640480
vt 0.833094 0.640078
vt 0.867257 0.593750
vt 0.851478 0.551356
vt 0.836936 0.509516
vt 0.825852 0.830693
vt 0.859342 0.796638
vt 0.808524 0.766708
vt 0.816072 0.709698
vt 0.804176 0.669729
vt 0.809060 0.570817
vt 0.799657 0.954082
vt 0.862487 0.946608
vt 0.828125 1.000000
vt 0.781591 0.629024
vt 0.781658 0.547402
vt 0.816208 0.526999
vt 0.774439 0.509526
vt 0.786571 0.858133
vt 0.773050 0.729558
vt 0.741290 0.733468
vt 0.743412 0.509593
vt 0.874980 0.500000
vt 0.906237 0.500000
vt 0.968758 0.500000
vt 0.218736 0.500000
vt 0.312480 0.500000
vt 0.343736 0.500000
vt 0.062480 0.500000
vt 0.093737 0.500000
vt 0.812480 0.500000
vt 0.843736 0.500000
vt 0.562480 0.500000
vt 0.593737 0.500000
vt -0.000023 0.500000
vt 0.031237 0.500000
vt 0.406237 0.500000
vt 0.430881 0.509587
vt 0.156236 0.500000
vt 0.718737 0.500000
vt 0.368382 0.509586
vt 0.687480 0.500000
vt 0.187480 0.500000
vt 0.749980 0.500000
vt 0.781237 0.500000
vt 0.531243 0.500000
vt 0.124980 0.500000
vt 0.374980 0.500000
vt 0.697225 0.522252
vt 0.687671 0.437336
vt 0.731716 0.427136
vt 0.735886 0.275883
vt 0.706599 0.338040
vt 0.679167 0.270066
vt 0.711719 0.647295
vt 0.653435 0.690810
vt 0.676851 0.601817
vt 0.758784 0.120420
vt 0.689349 0.177216
vt 0.628012 0.110033
vt 0.716761 0.059139
vt 0.716631 0.737128
vt 0.665856 0.765256
vt 0.641268 0.348677
vt 0.629449 0.581574
vt 0.654967 0.533300
vt 0.628655 0.451830
vt 0.714510 0.828738
vt 0.647147 0.879531
vt 0.626157 0.025692
vt 0.661765 0.000000
vt 0.587381 0.398314
vt 0.640442 0.228286
vt 0.584736 0.191407
vt 0.504051 0.116761
vt 0.514257 0.849159
vt 0.582214 0.775863
vt 0.583685 0.294225
vt 0.609496 0.687579
vt 0.559910 0.658439
vt 0.590078 0.582737
vt 0.572882 0.506382
vt 0.545479 0.919706
vt 0.547093 0.330074
vt 0.521676 0.546325
vt 0.542714 0.221938
vt 0.535661 0.465293
vt 0.521716 0.376400
vt 0.503150 0.718741
vt 0.511005 0.630632
vt 0.492224 0.304533
vt 0.492057 0.227270
vt 0.471579 0.486512
vt 0.470178 0.384233
vt 0.446999 0.688742
vt 0.466629 0.575866
vt 0.440549 0.190716
vt 0.481144 0.778514
vt 0.408364 0.789935
vt 0.428500 0.305333
vt 0.422725 0.597423
vt 0.365988 0.916748
vt 0.392358 0.865063
vt 0.424770 0.468320
vt 0.397377 0.437831
vt 0.398239 0.670899
vt 0.380475 0.199721
vt 0.454945 0.972416
vt 0.385723 0.308373
vt 0.373229 0.549662
vt 0.331207 0.095657
vt 0.347609 0.440023
vt 0.309299 0.807731
vt 0.352864 0.704859
vt 0.367528 0.375547
vt 0.322691 0.346622
vt 0.309326 0.257991
vt 0.286307 0.179657
vt 0.292790 0.702771
vt 0.328893 0.631384
vt 0.263228 0.596693
vt 0.319044 0.533607
vt 0.187335 0.932543
vt 0.294380 0.458538
vt 0.273497 0.397400
vt 0.236378 0.748746
vt 0.236127 0.677658
vt 0.191169 0.118405
vt 0.249155 0.486478
vt 0.257234 0.328214
vt 0.237489 0.843153
vt 0.206979 0.376264
vt 0.214081 0.252527
vt 0.199642 0.498303
vt 0.201108 0.602698
vt 0.151936 0.874347
vt 0.095680 0.076710
vt 0.147295 0.781452
vt 0.184612 0.704307
vt 0.155936 0.314062
vt 0.151680 0.542784
vt 0.192902 0.187940
vt 0.124935 0.164726
vt 0.150571 0.426440
vt 0.151444 0.650684
vt 0.103047 0.676005
vt 0.106149 0.559366
vt 0.089915 0.824342
vt 0.097552 0.478689
vt 0.065608 0.421804
vt 0.109034 0.368510
vt 0.062746 0.735744
vt 0.055859 0.326983
vt 0.087869 0.226987
vt 0.126718 0.262222
vt 0.028889 0.873991
vt 0.017369 0.430407
vt 0.030888 0.809038
vt 0.011102 0.732754
vt 0.068192 0.636518
vt 0.019276 0.621564
vt 0.053018 0.529227
vt 0.015173 0.254650
vt 0.008695 0.207550
vt 0.046726 0.155096
vt 0.008498 0.089923
vt 0.003491 0.341099
vt 0.003803 0.548028
vt 0.996894 0.649879
vt 0.961701 0.703422
vt 0.948055 0.616656
vt 0.956966 0.948332
vt 0.922958 0.871081
vt 1.000000 0.902828
vt 1.000000 0.125076
vt 0.988348 0.189893
vt 0.971496 0.104478
vt 1.000000 0.058824
vt 0.876996 0.086280
vt 0.998106 0.855273
vt 0.949532 0.811646
vt 1.000000 0.800943
vt 0.993830 0.730840
vt 0.978296 0.261563
vt 0.918092 0.168991
vt 0.987622 0.551544
vt 0.948637 0.529251
vt 0.981081 0.447622
vt 0.941564 0.411762
vt 0.915046 0.713255
vt 0.891779 0.389149
vt 0.933018 0.298170
vt 0.880740 0.240714
vt 0.907374 0.505227
vt 0.903521 0.616809
vt 0.865703 0.754534
vt 0.862790 0.319590
vt 0.794035 0.908326
vt 0.869591 0.478064
vt 0.840474 0.410433
vt 0.865570 0.650900
vt 0.850106 0.548073
vt 0.792736 0.195484
vt 0.804089 0.583026
vt 0.806289 0.453157
vt 0.809977 0.335130
vt 0.810221 0.667463
vt 0.724915 0.023681
vt 0.920167 0.021360
vt 0.775001 0.720038
vt 0.757301 0.626394
vt 0.734578 0.556029
vt 0.771195 0.462823
vt 0.814510 0.818278
vt 0.765956 0.345756
vt 0.861857 0.921543
vt 0.603251 0.878598
vt 0.775003 0.871331
vt 0.699130 0.361540
vt 0.643285 0.313251
vt 0.728343 0.228512
vt 0.740968 0.555407
vt 0.667579 0.598469
vt 0.675806 0.484912
vt 0.801675 0.145489
vt 0.625344 0.188658
vt 0.709275 0.053506
vt 0.706267 0.797600
vt 0.654412 0.985294
vt 0.661765 1.000000
vt 0.622797 0.524219
vt 0.651909 0.689757
vt 0.585717 0.636068
vt 0.547469 0.132346
vt 0.605455 0.774369
vt 0.564360 0.343524
vt 0.540740 0.566208
vt 0.523627 0.265900
vt 0.518411 0.461750
vt 0.597956 0.434111
vt 0.490776 0.824786
vt 0.518621 0.736566
vt 0.496188 0.602156
vt 0.477075 0.391621
vt 0.421641 0.285111
vt 0.446385 0.724794
vt 0.437489 0.621053
vt 0.462371 0.189053
vt 0.448636 0.508761
vt 0.479131 0.953045
vt 0.413149 0.423937
vt 0.370221 0.685780
vt 0.375443 0.539257
vt 0.351264 0.395412
vt 0.355718 0.854094
vt 0.349541 0.145422
vt 0.310586 0.671418
vt 0.296602 0.522093
vt 0.402487 0.056398
vt 0.184665 0.079072
vt 0.269013 0.436688
vt 0.240439 0.780789
vt 0.244327 0.661081
vt 0.232484 0.546790
vt 0.325875 0.261157
vt 0.201200 0.215717
vt 0.200015 0.883483
vt 0.206889 0.402976
vt 0.227941 0.014706
vt 0.221747 0.025777
vt 0.220588 0.000000
vt 0.261742 0.310939
vt 0.168989 0.524047
vt 0.191000 0.697460
vt 0.140561 0.651497
vt 0.074243 0.136514
vt 0.156585 0.345278
vt 0.122247 0.758430
vt 0.108257 0.339215
vt 0.059780 0.239257
vt 0.122409 0.505772
vt 0.063261 0.829224
vt 0.069177 0.635012
vt 0.063484 0.449126
vt 0.093386 0.941566
vt 0.039881 0.330733
vt 0.023272 0.061854
vt 0.073529 0.000000
vt 0.018047 0.697118
vt 0.009938 0.539944
vt 0.000000 0.218361
vt 0.012306 0.441780
vt 0.997450 0.699053
vt 0.964078 0.766244
vt 0.943896 0.601892
vt 1.000000 0.345571
vt 0.988382 0.406911
vt 0.972703 0.312361
vt 1.000000 0.283535
vt 0.989512 0.548133
vt 0.931759 0.449071
vt 0.884503 0.815814
vt 0.871669 0.678649
vt 0.893870 0.578125
vt 0.900214 0.350420
vt 0.863664 0.485637
vt 0.827378 0.407718
vt 0.810388 0.762781
vt 0.933030 0.205678
vt 0.823140 0.259426
vt 0.815421 0.556021
vt 0.781809 0.390298
vt 0.925758 0.073487
vt 0.729311 0.681976
vt 0.787631 0.673172
vt 0.732016 0.425880
vt 0.732488 0.964715
vt 0.582196 0.142384
vt 0.586079 0.297013
vt 0.515816 0.645719
vt 0.492380 0.234471
vt 0.484199 0.963549
vt 0.477265 0.645264
vt 0.327204 0.421685
vt 0.336037 0.359520
vt 0.304271 0.187500
vt 0.357488 0.964715
vt 0.304787 0.359520
vt 0.304830 0.297013
vt 0.297042 0.710630
vt 0.273537 0.359520
vt 0.242247 0.421984
vt 0.116488 0.110670
vt 0.007692 0.671767
vt 0.004216 0.610811
vt 0.977877 0.515608
vt 1.000000 0.453163
vt 1.000000 0.093750
vt 0.946626 0.515608
vt 0.987960 0.948693
vt 1.000000 0.875000
vt 0.867267 0.390719
vt 0.867308 0.328233
vt 0.835977 0.453164
vt 0.836017 0.390719
vt 0.794988 0.964715
vt 0.701239 0.964715
vt 0.565735 0.952128
vt 0.212884 0.932318
vt 0.160007 0.941391
vt 0.050278 0.971661
vt 0.048526 0.052895
vt 0.008538 0.865728
vt 0.992355 0.265738
vt 0.727824 0.566886
vt 0.686439 0.591940
vt 0.187569 0.037465
vt 0.115137 0.083545
vt 0.109976 0.256040
vt 0.100203 0.169388
vt 0.011317 0.877326
vt 0.000000 0.798052
vt 0.021077 0.096673
vt 0.013712 0.858993
vt 0.005468 0.921426
vt 0.000000 0.199827
vt 1.000000 0.153692
vt 1.000000 0.458095
vt 0.920888 0.574111
vt 0.984938 0.962136
vt 0.954168 0.983393
vt 0.818473 0.367440
vt 0.375168 0.717076
vt 0.007413 0.666044
vt 0.000000 0.161765
vt 0.000000 0.281245
vt 0.996864 0.352365
vt 0.996368 0.205151
vt 0.713974 0.676068
vt 0.507733 0.609282
vt 0.258777 0.528894
vt 0.020914 0.677059
vt 0.000000 0.671767
vt 0.000000 0.609282
vt 0.992266 0.609282
vt 0.898536 0.640480
vt 0.832864 0.581596
vt 0.624980 0.500000
vt 0.656237 0.500000
vt 0.500023 0.500000
vt 0.468764 0.500000
vt 1.000000 0.500000
vt 0.249980 0.500000
vt 0.437500 0.500000
vt 0.937500 0.500000
vt 0.281236 0.500000
vt 0.505277 0.044102
vt 0.158807 0.022153
vt 0.134855 0.988683
vt 0.037288 0.948989
vt 0.000000 0.472426
vt 0.990066 0.337397
vt 1.000000 0.421197
vt 0.816258 0.260064
vt 0.003874 0.897085
vt 0.000377 0.800702
vt 0.999430 0.146152
vt 0.296794 0.537643
vt 0.280636 0.559832
vt 0.269054 0.586922
vt 0.264450 0.609434
vt 0.264140 0.635828
vt 0.269054 0.663077
vt 0.280636 0.690168
vt 0.301504 0.716915
vt 0.324368 0.734149
vt 0.345680 0.742903
vt 0.360703 0.746084
vt 0.481353 0.746895
vt 0.463355 0.503105
vt 0.360703 0.503916
vt 0.345680 0.507097
vt 0.315366 0.521967
vt 0.675631 0.734150
vt 0.698496 0.716915
vt 0.719364 0.690168
vt 0.730945 0.663078
vt 0.735860 0.635829
vt 0.735550 0.609434
vt 0.730946 0.586922
vt 0.719364 0.559832
vt 0.703206 0.537643
vt 0.684634 0.521967
vt 0.654320 0.507097
vt 0.639297 0.503916
vt 0.639296 0.746084
vt 0.654319 0.742903
s 1
usemtl Material.006
f 261/1/1 15/2/2 242/3/3
f 1040/4/4 1171/5/5 5/6/6
f 262/7/7 15/2/2 16/8/8
f 262/7/7 7/9/9 2/10/10
f 258/11/11 265/12/12 13/13/13
f 263/14/14 7/9/9 8/15/15
f 258/11/11 13/13/13 14/16/16
f 1041/17/17 8/15/15 9/18/18
f 1091/19/19 1094/20/20 1104/21/21
f 3/22/22 1169/23/23 1182/24/24
f 4/25/25 1170/26/26 1042/27/27
f 1042/27/27 1170/26/26 10/28/28
f 264/29/29 1042/27/27 1040/4/4
f 1042/27/27 11/30/30 1040/4/4
f 10/28/28 19/31/31 11/30/30
f 1040/4/4 11/30/30 1171/5/5
f 11/30/30 20/32/32 1171/5/5
f 12/33/33 1171/5/5 21/34/34
f 21/34/34 22/35/35 12/33/33
f 16/8/8 17/36/36 7/9/9
f 265/12/12 12/33/33 22/35/35
f 8/15/15 18/37/37 1183/38/38
f 17/36/36 25/39/39 18/37/37
f 14/16/16 13/13/13 35/40/40
f 1183/38/38 26/41/41 32/42/42
f 1039/43/43 23/44/44 261/1/1
f 15/2/2 23/44/44 29/45/45
f 20/32/32 27/46/46 21/34/34
f 16/8/8 24/47/47 17/36/36
f 29/45/45 30/48/48 24/47/47
f 27/46/46 34/49/49 1044/50/50
f 13/13/13 28/51/51 35/40/40
f 35/40/40 1047/52/52 1091/19/19
f 1047/52/52 1096/53/53 1094/20/20
f 1094/20/20 1096/53/53 6/54/54
f 1039/43/43 1093/55/55 54/56/56
f 40/57/57 33/58/58 1043/59/59
f 23/44/44 37/60/60 29/45/45
f 40/57/57 1046/61/61 33/58/58
f 1044/50/50 34/49/49 42/62/62
f 28/51/51 42/62/62 43/63/63
f 31/64/64 39/65/65 32/42/42
f 31/64/64 38/66/66 1045/67/67
f 1049/68/68 1046/61/61 40/57/57
f 37/60/60 45/69/69 30/48/48
f 38/66/66 45/69/69 46/70/70
f 1045/67/67 1048/71/71 39/65/65
f 1095/72/72 1093/73/55 1/74/73
f 54/56/56 1093/73/55 1095/72/72
f 54/56/56 55/75/74 36/76/75
f 36/76/75 48/77/76 37/60/60
f 42/62/62 47/78/77 51/79/78
f 46/70/70 45/69/69 49/80/79
f 1051/81/80 57/82/81 50/83/82
f 48/77/76 56/84/83 45/69/69
f 45/69/69 56/84/83 49/80/79
f 52/85/84 51/79/78 59/86/85
f 1052/87/86 1097/88/87 1096/53/53
f 1096/89/53 1097/90/87 6/91/54
f 1054/92/88 62/93/89 57/82/81
f 48/77/76 61/94/90 56/84/83
f 48/77/76 60/95/91 65/96/92
f 56/84/83 61/94/90 49/80/79
f 53/97/93 59/86/85 63/98/94
f 61/94/90 65/96/92 66/99/95
f 59/86/85 1057/100/96 67/101/97
f 63/98/94 67/101/97 1059/102/98
f 60/95/91 64/103/99 68/104/100
f 1184/105/101 1172/106/102 62/93/89
f 68/104/100 64/103/99 83/107/103
f 1172/106/102 1184/105/101 71/108/104
f 72/109/105 1172/106/102 71/108/104
f 65/96/92 68/104/100 69/110/106
f 1056/111/107 1172/106/102 73/112/108
f 1057/100/96 73/112/108 1058/113/109
f 1055/114/110 70/115/111 1185/116/112
f 66/99/95 70/115/111 1055/114/110
f 72/109/105 78/117/113 73/112/108
f 67/101/97 1058/113/109 79/118/114
f 70/115/111 75/119/115 76/120/116
f 67/101/97 79/118/114 80/121/117
f 1185/116/112 76/120/116 1186/122/118
f 1059/102/98 81/123/119 1097/88/87
f 64/103/99 74/124/120 1060/125/121
f 1060/125/121 82/126/122 64/103/99
f 77/127/123 71/108/104 1187/128/124
f 71/108/104 77/127/123 72/109/105
f 1097/129/87 1100/130/125 6/131/54
f 81/123/119 1100/130/125 1097/132/87
f 75/119/115 84/133/126 85/134/127
f 76/120/116 85/134/127 86/135/128
f 80/121/117 81/123/119 1059/102/98
f 86/135/128 92/136/129 93/137/130
f 1098/138/131 1095/139/72 1/140/73
f 1060/125/121 98/141/132 82/126/122
f 82/126/122 90/142/133 83/107/103
f 84/133/126 90/142/133 91/143/134
f 89/144/135 88/145/136 96/146/137
f 1188/147/138 1067/148/139 1063/149/140
f 91/143/134 90/142/133 105/150/141
f 91/143/134 105/150/141 1175/151/142
f 93/137/130 100/152/143 1061/153/144
f 81/123/119 103/154/145 123/155/146
f 99/156/147 108/157/148 93/137/130
f 99/156/147 107/158/149 108/157/148
f 114/159/150 123/155/146 103/154/145
f 1066/160/151 1173/161/152 100/152/143
f 1173/161/152 109/162/153 1189/163/154
f 1069/164/155 1174/165/156 1189/163/154
f 1060/125/121 1098/138/131 1065/166/157
f 1065/166/157 104/167/158 98/141/132
f 98/141/132 105/150/141 90/142/133
f 96/146/137 102/168/159 113/169/160
f 1175/151/142 106/170/161 107/158/149
f 105/150/141 104/167/158 115/171/162
f 111/172/163 121/173/164 112/174/165
f 106/170/161 115/171/162 116/175/166
f 112/174/165 122/176/167 113/169/160
f 107/158/149 116/175/166 117/177/168
f 108/157/148 118/178/169 1066/160/151
f 1069/164/155 109/162/153 119/179/170
f 1099/180/171 1098/181/131 1/182/73
f 114/159/150 132/183/172 1070/184/173
f 118/178/169 127/185/174 109/162/153
f 133/186/175 1101/187/176 1100/188/125
f 119/179/170 127/185/174 128/189/177
f 1100/188/125 1101/190/176 6/191/54
f 1068/192/178 129/193/179 120/194/180
f 104/167/158 1065/166/157 124/195/181
f 120/194/180 1072/196/182 121/173/164
f 115/171/162 134/197/183 135/198/184
f 116/175/166 135/198/184 1071/199/185
f 113/169/160 122/176/167 132/183/172
f 117/177/168 127/185/174 118/178/169
f 139/200/186 1176/201/187 130/202/188
f 132/183/172 131/203/189 141/204/190
f 126/205/191 125/206/192 136/207/193
f 126/205/191 136/207/193 127/185/174
f 128/189/177 136/207/193 137/208/194
f 137/208/194 144/209/195 145/210/196
f 1065/166/157 1099/180/171 160/211/197
f 1072/196/182 138/212/198 147/213/199
f 124/195/181 160/211/197 149/214/200
f 139/200/186 147/213/199 1176/201/187
f 147/213/199 156/215/201 1176/201/187
f 1176/201/187 1075/216/202 140/217/203
f 1071/199/185 1073/218/204 125/206/192
f 140/217/203 158/219/205 141/204/190
f 1070/184/173 141/204/190 1074/220/206
f 156/215/201 157/221/207 1075/216/202
f 142/222/208 150/223/209 151/224/210
f 141/204/190 158/219/205 159/225/211
f 1073/218/204 152/226/212 143/227/213
f 145/210/196 153/228/214 154/229/215
f 154/229/215 164/230/216 146/231/217
f 147/213/199 146/231/217 156/215/201
f 146/231/217 155/232/218 156/215/201
f 153/228/214 1076/233/219 154/229/215
f 1102/234/220 1099/235/171 1/236/73
f 1101/187/176 1103/237/221 6/238/54
f 164/230/216 165/239/222 155/232/218
f 156/215/201 155/232/218 166/240/223
f 149/214/200 160/211/197 169/241/224
f 149/214/200 169/241/224 170/242/225
f 166/240/223 167/243/226 157/221/207
f 150/223/209 170/242/225 161/244/227
f 1075/216/202 157/221/207 1077/245/228
f 1077/245/228 168/246/229 158/219/205
f 151/224/210 161/244/227 162/247/230
f 1074/220/206 159/225/211 178/248/231
f 153/228/214 163/249/232 173/250/233
f 1077/245/228 167/243/226 177/251/234
f 161/244/227 171/252/235 162/247/230
f 159/225/211 168/246/229 1081/253/236
f 163/249/232 171/252/235 172/254/237
f 1078/255/238 1103/256/221 1101/187/176
f 1079/257/239 175/258/240 165/239/222
f 166/240/223 165/239/222 176/259/241
f 175/258/240 174/260/242 183/261/243
f 160/211/197 1102/234/220 199/262/244
f 175/258/240 183/261/243 184/263/245
f 176/259/241 184/263/245 185/264/246
f 170/242/225 1080/265/247 161/244/227
f 170/242/225 187/266/248 179/267/249
f 168/246/229 186/268/250 196/269/251
f 1081/253/236 197/270/252 178/248/231
f 172/254/237 182/271/253 173/250/233
f 1080/272/247 188/273/254 180/274/255
f 180/274/255 1082/275/256 181/276/257
f 196/277/251 1083/278/258 1081/279/236
f 181/276/257 190/280/259 182/281/253
f 192/282/260 193/283/261 184/284/245
f 185/285/246 184/284/245 194/286/262
f 179/287/249 187/288/248 200/289/263
f 194/286/262 207/290/264 186/291/250
f 204/292/265 205/293/266 193/283/261
f 187/288/248 199/294/244 1084/295/267
f 194/286/262 205/293/266 207/290/264
f 194/286/262 193/283/261 205/293/266
f 205/293/266 206/296/268 207/290/264
f 188/273/254 200/289/263 1086/297/269
f 195/298/270 207/290/264 208/299/271
f 188/273/254 201/300/272 1082/275/256
f 189/301/273 202/302/274 190/280/259
f 198/303/275 1102/304/220 1/305/73
f 1103/306/221 219/307/276 6/308/54
f 1083/278/258 229/309/277 197/310/252
f 202/302/274 212/311/278 213/312/279
f 197/310/252 219/313/276 1103/306/221
f 197/310/252 229/309/277 1089/314/280
f 199/294/244 198/315/275 240/316/281
f 240/316/281 220/317/282 199/294/244
f 205/293/266 1085/318/283 216/319/284
f 205/293/266 204/292/265 1085/318/283
f 216/319/284 1177/320/285 206/296/268
f 200/289/263 209/321/286 210/322/287
f 207/290/264 206/296/268 217/323/288
f 1086/297/269 210/322/287 211/324/289
f 216/319/284 1085/318/283 1177/320/285
f 209/321/286 230/325/290 231/326/291
f 210/322/287 231/326/291 221/327/292
f 211/324/289 221/327/292 222/328/293
f 1083/278/258 218/329/294 229/309/277
f 213/312/279 1087/330/295 214/331/296
f 1087/330/295 223/332/297 224/333/298
f 219/334/276 1104/335/21 6/336/54
f 1088/337/299 225/338/300 215/339/301
f 222/328/293 232/340/302 233/341/303
f 1089/314/280 1104/21/21 219/313/276
f 240/316/281 241/342/304 220/317/282
f 221/327/292 231/326/291 243/343/305
f 221/327/292 243/343/305 232/340/302
f 218/329/294 228/344/306 239/345/307
f 230/325/290 241/342/304 242/3/3
f 237/346/308 249/347/309 238/348/310
f 232/340/302 244/349/311 233/341/303
f 232/340/302 243/343/305 244/349/311
f 229/309/277 239/345/307 259/350/312
f 234/351/313 245/352/314 246/353/315
f 240/316/281 198/354/275 1/355/73
f 246/353/315 253/356/316 254/357/317
f 247/358/318 246/353/315 255/359/319
f 260/360/320 261/1/1 241/342/304
f 241/342/304 261/1/1 242/3/3
f 237/346/308 248/361/321 256/362/322
f 256/362/322 257/363/323 249/347/309
f 250/364/324 251/365/325 243/343/305
f 239/345/307 1090/366/326 258/11/11
f 256/362/322 264/29/29 5/6/6
f 250/364/324 242/3/3 262/7/7
f 250/364/324 2/10/10 251/365/325
f 1090/366/326 257/363/323 265/12/12
f 251/365/325 2/10/10 252/367/327
f 258/11/11 14/16/16 259/350/312
f 252/367/327 1092/368/328 253/356/316
f 1092/368/328 263/14/14 1041/17/17
f 259/350/312 1091/19/19 1089/314/280
f 253/356/316 3/22/22 254/357/317
f 1104/21/21 1094/369/20 6/370/54
f 255/359/319 254/357/317 4/25/25
f 4/25/25 1042/27/27 264/29/29
f 5/6/6 264/29/29 1040/4/4
f 242/3/3 15/2/2 262/7/7
f 265/12/12 5/6/6 12/33/33
f 5/6/6 1171/5/5 12/33/33
f 7/9/9 262/7/7 16/8/8
f 2/10/10 7/9/9 263/14/14
f 1041/17/17 263/14/14 8/15/15
f 3/22/22 1041/17/17 1169/23/23
f 1169/23/23 1041/17/17 9/18/18
f 1093/55/55 260/360/320 1/1273/73
f 4/25/25 1182/24/24 1170/26/26
f 261/1/1 260/360/320 1039/43/43
f 260/360/320 1093/55/55 1039/43/43
f 1042/27/27 10/28/28 11/30/30
f 11/30/30 19/31/31 20/32/32
f 1171/5/5 20/32/32 21/34/34
f 13/13/13 265/12/12 22/35/35
f 31/64/64 25/39/39 24/47/47 30/48/48
f 9/18/18 8/15/15 1183/38/38
f 13/13/13 22/35/35 28/51/51
f 22/35/35 1044/50/50 28/51/51
f 18/37/37 25/39/39 26/41/41
f 18/37/37 26/41/41 1183/38/38
f 14/16/16 35/40/40 1091/19/19
f 19/31/31 1043/59/59 20/32/32
f 15/2/2 261/1/1 23/44/44
f 16/8/8 15/2/2 29/45/45
f 24/47/47 16/8/8 29/45/45
f 22/35/35 21/34/34 1044/50/50
f 21/34/34 27/46/46 1044/50/50
f 17/36/36 24/47/47 25/39/39
f 33/58/58 20/32/32 1043/59/59
f 27/46/46 20/32/32 33/58/58
f 27/46/46 33/58/58 34/49/49
f 32/42/42 26/41/41 25/39/39 31/64/64
f 43/63/63 44/1274/1146 35/40/40 28/51/51
f 1091/19/19 1047/52/52 1094/20/20
f 54/56/56 36/76/75 23/44/44 1039/43/43
f 1047/52/52 35/40/40 44/1274/1146
f 41/1275/1147 34/49/49 33/58/58 1046/61/61
f 37/60/60 23/44/44 36/76/75
f 47/78/77 41/1275/1147 1046/61/61 1049/68/68
f 30/48/48 29/45/45 37/60/60
f 34/49/49 41/1275/1147 42/62/62
f 31/64/64 30/48/48 38/66/66
f 28/51/51 1044/50/50 42/62/62
f 39/65/65 31/64/64 1045/67/67
f 46/70/70 1048/71/71 1045/67/67 38/66/66
f 41/1275/1147 47/78/77 42/62/62
f 30/48/48 45/69/69 38/66/66
f 42/62/62 52/85/84 43/63/63
f 1052/87/86 1047/52/52 44/1274/1146 53/97/93
f 1047/52/52 1052/87/86 1096/53/53
f 50/83/82 47/78/77 1049/68/68 1051/81/80
f 48/77/76 36/76/75 55/75/74
f 49/80/79 1050/1276/1148 1048/71/71 46/70/70
f 45/69/69 37/60/60 48/77/76
f 47/78/77 50/83/82 51/79/78
f 52/85/84 42/62/62 51/79/78
f 52/85/84 53/97/93 44/1274/1146 43/63/63
f 58/1277/1149 51/79/78 50/83/82 57/82/81
f 1056/111/107 58/1277/1149 57/82/81 62/93/89
f 51/79/78 58/1277/1149 59/86/85
f 53/97/93 52/85/84 59/86/85
f 48/77/76 55/75/74 60/95/91
f 53/97/93 63/98/94 1052/87/86
f 74/124/120 54/56/56 1095/1278/72
f 55/75/74 54/56/56 64/103/99
f 54/56/56 74/124/120 64/103/99
f 60/95/91 55/75/74 64/103/99
f 57/82/81 1051/81/80 1054/92/88
f 61/94/90 48/77/76 65/96/92
f 1053/1279/1150 1050/1276/1148 49/80/79 61/94/90
f 58/1277/1149 1056/111/107 1057/100/96
f 58/1277/1149 1057/100/96 59/86/85
f 1055/114/110 1053/1279/1150 61/94/90 66/99/95
f 65/96/92 60/95/91 68/104/100
f 62/93/89 1172/106/102 1056/111/107
f 1056/111/107 73/112/108 1057/100/96
f 69/110/106 75/119/115 66/99/95 65/96/92
f 63/98/94 59/86/85 67/101/97
f 63/98/94 1059/102/98 1052/87/86
f 62/93/89 1054/92/88 1184/105/101
f 1172/106/102 72/109/105 73/112/108
f 83/107/103 84/133/126 69/110/106 68/104/100
f 70/115/111 66/99/95 75/119/115
f 67/101/97 1057/100/96 1058/113/109
f 1052/87/86 1059/102/98 1097/88/87
f 73/112/108 78/117/113 89/144/135
f 75/119/115 69/110/106 84/133/126
f 73/112/108 89/144/135 1058/113/109
f 1185/116/112 70/115/111 76/120/116
f 1059/102/98 67/101/97 80/121/117
f 83/107/103 64/103/99 82/126/122
f 72/109/105 77/127/123 78/117/113
f 77/127/123 1187/128/124 1062/1280/1151 87/1281/1152
f 74/124/120 1098/138/131 1060/125/121
f 88/145/136 78/117/113 77/127/123 87/1281/1152
f 86/135/128 1061/153/144 1186/122/118 76/120/116
f 78/117/113 88/145/136 89/144/135
f 79/118/114 1058/113/109 89/144/135
f 75/119/115 85/134/127 76/120/116
f 96/146/137 97/1282/1153 79/118/114 89/144/135
f 1098/138/131 74/124/120 1095/1283/72
f 97/1282/1153 103/154/145 80/121/117 79/118/114
f 85/134/127 92/136/129 86/135/128
f 94/1284/1154 87/1281/1152 1062/1280/1151 1063/149/140
f 1061/153/144 86/135/128 93/137/130
f 81/123/119 80/121/117 103/154/145
f 95/1285/1155 88/145/136 87/1281/1152 94/1284/1154
f 91/143/134 1064/1286/1156 85/134/127 84/133/126
f 83/107/103 90/142/133 84/133/126
f 88/145/136 95/1285/1155 96/146/137
f 101/1287/1157 94/1284/1154 1063/149/140 1067/148/139
f 92/136/129 85/134/127 1064/1286/1156
f 1063/149/140 1062/1280/1151 1188/147/138
f 102/168/159 95/1285/1155 94/1284/1154 101/1287/1157
f 90/142/133 82/126/122 98/141/132
f 110/1288/1158 1067/148/139 1174/165/156 1069/164/155
f 95/1285/1155 102/168/159 96/146/137
f 1064/1286/1156 91/143/134 1175/151/142
f 92/136/129 1064/1286/1156 99/156/147
f 93/137/130 92/136/129 99/156/147
f 100/152/143 93/137/130 1066/160/151
f 1100/188/125 81/123/119 123/155/146
f 103/154/145 97/1282/1153 114/159/150
f 93/137/130 108/157/148 1066/160/151
f 1173/161/152 1066/160/151 109/162/153
f 1188/147/138 1174/165/156 1067/148/139
f 111/172/163 101/1287/1157 1067/148/139 110/1288/1158
f 98/141/132 1060/125/121 1065/166/157
f 112/174/165 102/168/159 101/1287/1157 111/172/163
f 105/150/141 98/141/132 104/167/158
f 113/169/160 114/159/150 97/1282/1153 96/146/137
f 1175/151/142 105/150/141 106/170/161
f 102/168/159 112/174/165 113/169/160
f 1064/1286/1156 1175/151/142 99/156/147
f 99/156/147 1175/151/142 107/158/149
f 121/173/164 111/172/163 110/1288/1158 120/194/180
f 120/194/180 110/1288/1158 1069/164/155 1068/192/178
f 106/170/161 105/150/141 115/171/162
f 112/174/165 121/173/164 122/176/167
f 107/158/149 106/170/161 116/175/166
f 108/157/148 107/158/149 117/177/168
f 118/178/169 108/157/148 117/177/168
f 1066/160/151 118/178/169 109/162/153
f 1100/188/125 123/155/146 133/186/175
f 109/162/153 1069/164/155 1189/163/154
f 1069/164/155 119/179/170 1068/192/178
f 1070/184/173 133/186/175 123/155/146 114/159/150
f 1098/138/131 1099/180/171 1065/166/157
f 129/193/179 1068/192/178 119/179/170 128/189/177
f 109/162/153 127/185/174 119/179/170
f 124/195/181 134/197/183 115/171/162 104/167/158
f 120/194/180 129/193/179 1072/196/182
f 131/203/189 122/176/167 121/173/164 130/202/188
f 121/173/164 1072/196/182 130/202/188
f 116/175/166 115/171/162 135/198/184
f 1071/199/185 125/206/192 117/177/168 116/175/166
f 125/206/192 126/205/191 127/185/174 117/177/168
f 114/159/150 113/169/160 132/183/172
f 122/176/167 131/203/189 132/183/172
f 140/217/203 131/203/189 130/202/188 1176/201/187
f 130/202/188 1072/196/182 139/200/186
f 138/212/198 129/193/179 128/189/177 137/208/194
f 131/203/189 140/217/203 141/204/190
f 1070/184/173 132/183/172 141/204/190
f 127/185/174 136/207/193 128/189/177
f 146/231/217 138/212/198 137/208/194 145/210/196
f 129/193/179 138/212/198 1072/196/182
f 136/207/193 143/227/213 144/209/195
f 133/186/175 148/1289/1159 1101/187/176
f 136/207/193 144/209/195 137/208/194
f 149/214/200 150/223/209 135/198/184 134/197/183
f 124/195/181 1065/166/157 160/211/197
f 139/200/186 1072/196/182 147/213/199
f 138/212/198 146/231/217 147/213/199
f 134/197/183 124/195/181 149/214/200
f 1176/201/187 156/215/201 1075/216/202
f 150/223/209 142/222/208 1071/199/185 135/198/184
f 140/217/203 1075/216/202 158/219/205
f 143/227/213 136/207/193 125/206/192 1073/218/204
f 1073/218/204 1071/199/185 142/222/208
f 1074/220/206 148/1289/1159 133/186/175 1070/184/173
f 151/224/210 162/247/230 1073/218/204 142/222/208
f 145/210/196 144/209/195 143/227/213 152/226/212
f 152/226/212 1073/218/204 162/247/230
f 1074/220/206 141/204/190 159/225/211
f 1079/257/239 164/230/216 1076/233/219 173/250/233
f 145/210/196 152/226/212 153/228/214
f 146/231/217 145/210/196 154/229/215
f 146/231/217 164/230/216 155/232/218
f 148/1289/1159 1078/255/238 1101/187/176
f 148/1289/1159 178/248/231 1078/255/238
f 154/229/215 1076/233/219 164/230/216
f 1076/233/219 153/228/214 173/250/233
f 1099/180/171 1102/234/220 160/211/197
f 155/232/218 165/239/222 166/240/223
f 157/221/207 156/215/201 166/240/223
f 150/223/209 149/214/200 170/242/225
f 158/219/205 1075/216/202 1077/245/228
f 157/221/207 167/243/226 1077/245/228
f 151/224/210 150/223/209 161/244/227
f 158/219/205 168/246/229 159/225/211
f 148/1289/1159 1074/220/206 178/248/231
f 152/226/212 162/247/230 153/228/214
f 153/228/214 162/247/230 163/249/232
f 168/246/229 1077/245/228 177/251/234
f 162/247/230 171/252/235 163/249/232
f 178/248/231 159/225/211 1081/253/236
f 173/250/233 163/249/232 172/254/237
f 180/1290/255 171/252/235 161/244/227 1080/265/247
f 1079/257/239 173/250/233 174/260/242
f 165/239/222 164/230/216 1079/257/239
f 1079/257/239 174/260/242 175/258/240
f 165/239/222 175/258/240 176/259/241
f 167/243/226 166/240/223 176/259/241
f 167/243/226 176/259/241 177/251/234
f 174/260/242 182/271/253 183/261/243
f 169/241/224 160/211/197 199/262/244
f 176/259/241 175/258/240 184/263/245
f 170/242/225 169/241/224 187/266/248
f 177/251/234 176/259/241 185/264/246
f 1080/265/247 170/242/225 179/267/249
f 168/246/229 177/251/234 186/268/250
f 177/251/234 185/264/246 186/268/250
f 181/1291/257 172/254/237 171/252/235 180/1290/255
f 1081/253/236 168/246/229 196/269/251
f 200/289/263 188/273/254 1080/272/247 179/287/249
f 182/271/253 172/254/237 181/1291/257
f 1078/255/238 178/248/231 197/270/252
f 173/250/233 182/271/253 174/260/242
f 191/1292/1160 192/282/260 183/1293/243 182/281/253
f 196/277/251 186/291/250 195/298/270
f 180/274/255 188/273/254 1082/275/256
f 1081/279/236 1083/278/258 197/310/252
f 181/276/257 1082/275/256 189/301/273
f 190/280/259 181/276/257 189/301/273
f 1078/1294/238 197/310/252 1103/306/221
f 182/281/253 190/280/259 191/1292/1160
f 203/1295/1161 204/292/265 192/282/260 191/1292/1160
f 1102/1296/220 198/315/275 199/294/244
f 184/284/245 183/1293/243 192/282/260
f 169/1297/224 199/294/244 187/288/248
f 184/284/245 193/283/261 194/286/262
f 186/291/250 185/285/246 194/286/262
f 186/291/250 207/290/264 195/298/270
f 212/311/278 202/302/274 189/301/273 201/300/272
f 193/283/261 192/282/260 204/292/265
f 187/288/248 1084/295/267 200/289/263
f 201/300/272 188/273/254 1086/297/269
f 196/277/251 195/298/270 208/299/271
f 1082/275/256 201/300/272 189/301/273
f 203/1295/1161 191/1292/1160 190/280/259 202/302/274
f 1083/278/258 196/277/251 208/299/271
f 217/323/288 218/329/294 208/299/271 207/290/264
f 214/331/296 203/1295/1161 202/302/274 213/312/279
f 201/300/272 1086/297/269 212/311/278
f 212/311/278 1086/297/269 211/324/289
f 1083/278/258 208/299/271 218/329/294
f 219/313/276 197/310/252 1089/314/280
f 214/331/296 215/339/301 204/292/265 203/1295/1161
f 226/1298/1162 1085/318/283 215/339/301 225/338/300
f 204/292/265 215/339/301 1085/318/283
f 1084/295/267 199/294/244 220/317/282
f 206/296/268 205/293/266 216/319/284
f 200/289/263 1084/295/267 209/321/286
f 206/296/268 1177/320/285 217/323/288
f 1086/297/269 200/289/263 210/322/287
f 220/317/282 230/325/290 209/321/286 1084/295/267
f 227/1299/1163 1177/320/285 1085/318/283 226/1298/1162
f 228/344/306 217/323/288 1177/320/285 227/1299/1163
f 210/322/287 209/321/286 231/326/291
f 222/328/293 223/332/297 213/312/279 211/324/289
f 211/324/289 210/322/287 221/327/292
f 217/323/288 228/344/306 218/329/294
f 212/311/278 211/324/289 213/312/279
f 233/341/303 234/351/313 224/333/298 223/332/297
f 1087/330/295 213/312/279 223/332/297
f 214/331/296 1087/330/295 1088/337/299
f 1088/337/299 1087/330/295 224/333/298
f 215/339/301 214/331/296 1088/337/299
f 1088/337/299 224/333/298 225/338/300
f 222/328/293 221/327/292 232/340/302
f 229/309/277 218/329/294 239/345/307
f 223/332/297 222/328/293 233/341/303
f 235/1300/1164 225/338/300 224/333/298 234/351/313
f 236/1301/1165 226/1298/1162 225/338/300 235/1300/1164
f 237/346/308 227/1299/1163 226/1298/1162 236/1301/1165
f 230/325/290 220/317/282 241/342/304
f 238/348/310 228/344/306 227/1299/1163 237/346/308
f 248/361/321 236/1301/1165 235/1300/1164 247/358/318
f 228/344/306 238/348/310 239/345/307
f 242/3/3 250/364/324 231/326/291 230/325/290
f 236/1301/1165 248/361/321 237/346/308
f 1090/366/326 239/345/307 238/348/310 249/347/309
f 243/343/305 231/326/291 250/364/324
f 247/358/318 235/1300/1164 234/351/313 246/353/315
f 233/341/303 244/349/311 245/352/314
f 1089/314/280 229/309/277 259/350/312
f 233/341/303 245/352/314 234/351/313
f 253/356/316 245/352/314 244/349/311 252/367/327
f 259/350/312 239/345/307 258/11/11
f 252/367/327 244/349/311 243/343/305 251/365/325
f 245/352/314 253/356/316 246/353/315
f 260/360/320 240/316/281 1/1302/73
f 246/353/315 254/357/317 255/359/319
f 241/342/304 240/316/281 260/360/320
f 248/361/321 247/358/318 255/359/319
f 249/347/309 237/346/308 256/362/322
f 249/347/309 257/363/323 1090/366/326
f 4/25/25 264/29/29 248/361/321 255/359/319
f 256/362/322 248/361/321 264/29/29
f 257/363/323 256/362/322 5/6/6
f 257/363/323 5/6/6 265/12/12
f 2/10/10 250/364/324 262/7/7
f 258/11/11 1090/366/326 265/12/12
f 252/367/327 2/10/10 1092/368/328
f 1092/368/328 2/10/10 263/14/14
f 253/356/316 1092/368/328 3/22/22
f 3/22/22 1092/368/328 1041/17/17
f 1089/314/280 1091/19/19 1104/21/21
f 1091/19/19 259/350/312 14/16/16
f 3/22/22 1182/24/24 254/357/317
f 4/25/25 254/357/317 1182/24/24
f 18/37/37 8/15/15 7/9/9 17/36/36
s 0
usemtl Material.004
f 1187/1364/1190 71/1365/1190 1184/1366/1190 1054/1367/1190 1051/1368/1190 1049/1369/1190 40/1370/1190 1043/1371/1190 19/1372/1190 10/1373/1190 1170/1374/1190 1182/1375/1190 1189/1376/1190 1174/1377/1190 1188/1378/1190 1062/1379/1190
f 1183/1380/1191 32/1381/1191 39/1382/1191 1048/1383/1191 1050/1384/1191 1053/1385/1191 1055/1386/1191 1185/1387/1191 1186/1388/1191 1061/1389/1191 100/1390/1191 1173/1391/1191 1189/1376/1191 1182/1375/1191 1169/1392/1191 9/1393/1191
s 1
usemtl Material.005
f 1105/371/329 270/372/330 373/373/331
f 271/374/332 275/375/333 267/376/334
f 1105/371/329 274/377/335 276/378/336
f 272/379/337 279/380/338 273/381/339
f 1108/382/340 273/381/339 279/380/338
f 270/372/330 277/383/341 271/374/332
f 271/374/332 277/383/341 275/375/333
f 279/380/338 293/384/342 1108/382/340
f 277/383/341 281/385/343 275/375/333
f 275/375/333 281/385/343 278/386/344
f 274/377/335 1109/387/345 290/388/346
f 276/378/336 290/388/346 285/389/347
f 278/386/344 284/390/348 279/380/338
f 276/378/336 285/389/347 280/391/349
f 277/383/341 280/391/349 282/392/350
f 277/383/341 282/392/350 283/393/351
f 281/385/343 283/393/351 289/394/352
f 278/386/344 289/394/352 284/390/348
f 289/394/352 292/395/353 284/390/348
f 285/389/347 286/396/354 280/391/349
f 282/392/350 287/397/355 288/398/356
f 283/393/351 288/398/356 291/399/357
f 283/393/351 291/399/357 289/394/352
f 1110/400/358 1111/401/359 268/402/360
f 290/388/346 286/396/354 285/389/347
f 287/397/355 286/396/354 1106/403/361
f 289/394/352 291/399/357 295/404/362
f 295/404/362 300/405/363 292/395/353
f 293/384/342 1111/406/359 1110/407/358
f 288/398/356 1106/403/361 291/399/357
f 1106/403/361 294/408/364 291/399/357
f 294/408/364 298/409/365 291/399/357
f 298/409/365 299/410/366 295/404/362
f 299/410/366 304/411/367 300/405/363
f 294/408/364 303/412/368 298/409/365
f 301/413/369 1109/414/345 266/415/370
f 1111/406/359 1112/416/371 268/417/360
f 296/418/372 301/419/369 302/420/373
f 298/409/365 303/412/368 307/421/374
f 299/410/366 307/421/374 308/422/375
f 308/422/375 315/423/376 299/410/366
f 297/424/377 305/425/378 306/426/379
f 297/424/377 309/427/380 303/412/368
f 306/426/379 305/425/378 310/428/381
f 304/411/367 1112/429/371 1111/406/359
f 307/421/374 312/430/382 313/431/383
f 308/422/375 313/431/383 314/432/384
f 315/423/376 323/433/385 304/411/367
f 306/426/379 310/428/381 309/427/380
f 309/427/380 310/428/381 311/434/386
f 311/434/386 316/435/387 312/430/382
f 305/425/378 318/436/388 319/437/389
f 314/432/384 323/433/385 315/423/376
f 314/432/384 317/438/390 321/439/391
f 319/437/389 324/440/392 310/428/381
f 311/434/386 324/440/392 320/441/393
f 311/434/386 320/441/393 316/435/387
f 326/442/394 301/443/369 266/444/370
f 317/438/390 322/445/395 325/446/396
f 321/439/391 334/447/397 323/433/385
f 321/439/391 325/446/396 334/447/397
f 334/447/397 331/448/398 323/433/385
f 1112/429/371 323/433/385 331/448/398
f 1112/429/371 331/448/398 342/449/399
f 320/441/393 330/450/400 322/445/395
f 320/441/393 329/451/401 330/450/400
f 322/445/395 330/450/400 325/446/396
f 330/450/400 329/451/401 332/452/402
f 1112/453/371 342/454/399 268/191/360
f 318/436/388 326/455/394 327/456/403
f 325/446/396 333/457/404 334/447/397
f 327/456/403 328/458/405 324/440/392
f 324/440/392 328/458/405 329/451/401
f 333/457/404 340/459/406 334/447/397
f 329/451/401 328/458/405 335/460/407
f 335/460/407 336/461/408 332/452/402
f 332/452/402 339/462/409 333/457/404
f 331/448/398 334/447/397 345/463/410
f 337/464/411 338/465/412 328/458/405
f 335/460/407 338/465/412 1107/466/413
f 335/460/407 1107/466/413 336/461/408
f 336/461/408 344/467/414 339/462/409
f 341/468/415 346/469/416 337/464/411
f 338/465/412 343/470/417 1107/466/413
f 342/449/399 345/463/410 349/471/418
f 1107/466/413 1178/472/419 336/461/408
f 344/467/414 1178/472/419 347/473/420
f 344/467/414 352/474/421 348/475/422
f 346/469/416 343/470/417 338/465/412
f 345/463/410 348/475/422 349/471/418
f 1107/466/413 350/476/423 1178/472/419
f 1178/477/419 351/478/424 347/479/420
f 341/480/415 266/481/370 354/482/425
f 346/483/416 354/482/425 355/484/426
f 346/483/416 353/485/427 343/486/417
f 351/478/424 360/487/428 347/479/420
f 349/488/418 366/489/429 268/490/360
f 349/488/418 358/491/430 366/489/429
f 349/488/418 362/492/431 358/491/430
f 353/485/427 356/493/432 350/494/423
f 357/495/433 360/487/428 351/478/424
f 360/487/428 361/496/434 352/497/421
f 355/484/426 359/498/435 353/485/427
f 362/492/431 369/499/436 358/491/430
f 360/487/428 364/500/437 365/501/438
f 364/500/437 368/502/439 365/501/438
f 354/482/425 266/481/370 269/503/440
f 363/504/441 359/498/435 355/484/426
f 361/496/434 372/505/442 362/492/431
f 359/498/435 367/506/443 356/493/432
f 369/499/436 1108/382/340 366/489/429
f 366/489/429 1110/507/358 268/508/360
f 368/502/439 371/509/444 365/501/438
f 368/502/439 370/510/445 371/509/444
f 363/504/441 269/503/440 274/377/335
f 359/498/435 274/377/335 1105/371/329
f 369/499/436 372/505/442 1108/382/340
f 267/376/334 272/379/337 372/505/442
f 371/509/444 370/510/445 267/376/334
f 316/435/387 317/438/390 313/431/383 312/430/382
f 271/374/332 373/373/331 270/372/330
f 1110/407/358 1108/382/340 293/384/342
f 267/376/334 370/510/445 271/374/332
f 269/503/440 1109/387/345 274/377/335
f 272/379/337 267/376/334 275/375/333
f 272/379/337 275/375/333 278/386/344
f 270/372/330 1105/371/329 276/378/336
f 1109/387/345 269/503/440 266/1303/370
f 270/372/330 280/391/349 277/383/341
f 276/378/336 274/377/335 290/388/346
f 279/380/338 272/379/337 278/386/344
f 270/372/330 276/378/336 280/391/349
f 293/384/342 279/380/338 284/390/348
f 281/385/343 277/383/341 283/393/351
f 282/392/350 280/391/349 287/397/355
f 278/386/344 281/385/343 289/394/352
f 290/388/346 1109/387/345 296/418/372
f 280/391/349 286/396/354 287/397/355
f 283/393/351 282/392/350 288/398/356
f 288/398/356 287/397/355 1106/403/361
f 286/396/354 290/388/346 296/418/372
f 293/384/342 284/390/348 292/395/353
f 291/399/357 298/409/365 295/404/362
f 292/395/353 289/394/352 295/404/362
f 293/384/342 292/395/353 300/405/363
f 1111/406/359 293/384/342 300/405/363
f 294/408/364 1106/403/361 303/412/368
f 286/396/354 296/418/372 297/424/377
f 295/404/362 299/410/366 300/405/363
f 286/396/354 297/424/377 1106/403/361
f 296/418/372 302/420/373 297/424/377
f 1106/403/361 297/424/377 303/412/368
f 1111/406/359 300/405/363 304/411/367
f 296/418/372 1109/1304/345 301/419/369
f 298/409/365 307/421/374 299/410/366
f 297/424/377 302/420/373 305/425/378
f 304/411/367 299/410/366 315/423/376
f 297/424/377 306/426/379 309/427/380
f 303/412/368 309/427/380 312/430/382
f 307/421/374 303/412/368 312/430/382
f 302/420/373 301/419/369 318/436/388
f 307/421/374 313/431/383 308/422/375
f 302/420/373 318/436/388 305/425/378
f 315/423/376 308/422/375 314/432/384
f 309/427/380 311/434/386 312/430/382
f 1112/429/371 304/411/367 323/433/385
f 332/452/402 333/457/404 325/446/396 330/450/400
f 313/431/383 317/438/390 314/432/384
f 310/428/381 305/425/378 319/437/389
f 301/419/369 326/1305/394 318/436/388
f 314/432/384 321/439/391 323/433/385
f 310/428/381 324/440/392 311/434/386
f 316/435/387 320/441/393 322/445/395
f 317/438/390 316/435/387 322/445/395
f 319/437/389 318/436/388 327/456/403
f 321/439/391 317/438/390 325/446/396
f 319/437/389 327/456/403 324/440/392
f 324/440/392 329/451/401 320/441/393
f 327/456/403 337/464/411 328/458/405
f 331/448/398 345/463/410 342/449/399
f 332/452/402 329/451/401 335/460/407
f 348/475/422 340/459/406 339/462/409 344/467/414
f 327/456/403 326/455/394 341/468/415
f 337/464/411 327/456/403 341/468/415
f 333/457/404 339/462/409 340/459/406
f 334/447/397 340/459/406 345/463/410
f 328/458/405 338/465/412 335/460/407
f 332/452/402 336/461/408 339/462/409
f 326/1306/394 266/1307/370 341/468/415
f 337/464/411 346/469/416 338/465/412
f 364/500/437 357/495/433 356/493/432 367/506/443
f 340/459/406 348/475/422 345/463/410
f 342/449/399 349/471/418 268/1308/360
f 336/461/408 1178/472/419 344/467/414
f 346/469/416 341/468/415 354/1309/425
f 344/467/414 347/473/420 352/474/421
f 1107/466/413 343/470/417 350/476/423
f 348/1310/422 352/497/421 349/488/418
f 343/486/417 353/485/427 350/494/423
f 1178/477/419 350/494/423 351/478/424
f 353/485/427 346/483/416 355/484/426
f 347/479/420 360/487/428 352/497/421
f 351/478/424 350/494/423 357/495/433
f 349/488/418 352/497/421 362/492/431
f 350/494/423 356/493/432 357/495/433
f 355/484/426 354/482/425 363/504/441
f 352/497/421 361/496/434 362/492/431
f 353/485/427 359/498/435 356/493/432
f 360/487/428 357/495/433 364/500/437
f 372/505/442 361/496/434 365/501/438 371/509/444
f 358/491/430 369/499/436 366/489/429
f 363/504/441 354/482/425 269/503/440
f 361/496/434 360/487/428 365/501/438
f 362/492/431 372/505/442 369/499/436
f 359/498/435 363/504/441 274/377/335
f 364/500/437 367/506/443 370/510/445
f 368/502/439 364/500/437 370/510/445
f 1110/407/358 366/489/429 1108/382/340
f 371/509/444 267/376/334 372/505/442
f 367/506/443 359/498/435 1105/371/329
f 373/373/331 367/506/443 1105/371/329
f 367/506/443 373/373/331 370/510/445
f 372/505/442 272/379/337 273/381/339
f 372/505/442 273/381/339 1108/382/340
f 370/510/445 373/373/331 271/374/332
usemtl 
f 516/511/446 1113/512/447 376/513/448
f 522/514/449 385/515/450 523/516/451
f 520/517/452 523/516/451 379/518/453
f 381/519/454 382/520/455 518/521/456
f 378/522/457 384/523/458 385/515/450
f 381/519/454 392/524/459 388/525/460
f 390/526/461 395/527/462 379/518/453
f 382/520/455 388/525/460 393/528/463
f 379/518/453 395/527/462 386/529/464
f 1113/512/447 387/530/465 376/513/448
f 384/523/458 389/531/466 385/515/450
f 377/532/467 376/513/448 381/519/454
f 389/531/466 396/533/468 390/526/461
f 384/523/458 393/528/463 394/534/469
f 380/535/470 401/536/471 391/537/472
f 387/530/465 403/538/473 376/513/448
f 376/513/448 403/538/473 392/524/459
f 394/534/469 399/539/474 396/533/468
f 396/533/468 408/540/475 395/527/462
f 388/525/460 398/541/476 393/528/463
f 393/528/463 398/541/476 1114/542/477
f 386/529/464 397/543/478 401/536/471
f 394/534/469 1114/542/477 399/539/474
f 391/537/472 401/536/471 428/544/479
f 396/533/468 399/539/474 400/545/480
f 392/524/459 404/546/481 398/541/476
f 398/541/476 406/547/482 1114/542/477
f 408/540/475 413/548/483 397/543/478
f 398/541/476 405/549/484 406/547/482
f 1113/512/447 374/550/485 387/530/465
f 387/530/465 402/551/486 403/538/473
f 1114/542/477 406/547/482 407/552/487
f 403/538/473 404/546/481 392/524/459
f 408/540/475 416/553/488 413/548/483
f 406/547/482 410/554/489 411/555/490
f 406/547/482 411/555/490 407/552/487
f 407/552/487 412/556/491 400/545/480
f 404/546/481 409/557/492 405/549/484
f 410/554/489 414/558/493 415/559/494
f 387/530/465 374/550/485 417/560/495
f 404/546/481 418/561/496 409/557/492
f 414/558/493 418/561/496 422/562/497
f 416/553/488 1115/563/498 413/548/483
f 415/559/494 414/558/493 423/564/499
f 415/559/494 423/564/499 419/565/500
f 387/530/465 417/560/495 402/551/486
f 415/559/494 419/565/500 411/555/490
f 402/551/486 417/560/495 421/566/501
f 424/567/502 426/568/503 420/569/504
f 413/548/483 1115/563/498 438/570/505
f 420/569/504 427/571/506 1115/563/498
f 423/564/499 430/572/507 425/573/508
f 433/574/509 434/575/510 421/566/501
f 431/576/511 437/577/512 426/568/503
f 421/566/501 434/575/510 429/578/513
f 426/568/503 437/577/512 427/571/506
f 429/578/513 440/579/514 430/572/507
f 430/572/507 440/579/514 435/580/515
f 430/572/507 435/580/515 425/573/508
f 428/544/479 438/570/505 441/581/516
f 425/573/508 435/580/515 436/582/517
f 425/573/508 436/582/517 431/576/511
f 431/576/511 436/582/517 437/577/512
f 432/583/518 447/584/519 438/570/505
f 442/585/520 433/574/509 417/560/495
f 436/582/517 444/586/521 445/587/522
f 433/574/509 443/588/523 434/575/510
f 439/589/524 448/590/525 440/579/514
f 443/588/523 451/591/526 439/589/524
f 445/587/522 453/592/527 446/593/528
f 439/589/524 451/591/526 452/594/529
f 446/593/528 454/595/530 447/584/519
f 442/585/520 455/596/531 433/574/509
f 449/597/532 450/598/533 444/586/521
f 444/586/521 450/598/533 453/592/527
f 455/596/531 451/591/526 443/588/523
f 446/593/528 461/599/534 454/595/530
f 448/590/525 452/594/529 449/597/532
f 447/584/519 454/595/530 462/600/535
f 447/584/519 462/600/535 441/581/516
f 450/598/533 457/601/536 458/602/537
f 455/596/531 463/603/538 451/591/526
f 451/591/526 463/603/538 456/604/539
f 459/605/540 468/606/541 461/599/534
f 452/594/529 460/607/542 457/601/536
f 455/596/531 442/585/520 475/608/543
f 457/601/536 464/609/544 458/602/537
f 456/604/539 466/610/545 460/607/542
f 467/611/546 1117/612/547 464/609/544
f 464/609/544 1117/612/547 472/613/548
f 466/610/545 471/614/549 1116/615/550
f 468/606/541 473/616/551 474/617/552
f 467/611/546 1116/615/550 477/618/553
f 471/614/549 483/619/554 1116/615/550
f 1116/615/550 483/619/554 479/620/555
f 1116/615/550 479/620/555 477/618/553
f 472/613/548 480/621/556 481/622/557
f 1117/612/547 480/621/556 472/613/548
f 473/616/551 481/622/557 487/623/558
f 477/618/553 479/620/555 485/624/559
f 477/618/553 485/624/559 480/621/556
f 474/617/552 488/625/560 478/626/561
f 479/627/555 484/628/562 485/629/559
f 476/630/563 490/631/564 483/632/554
f 481/633/557 486/634/565 487/635/558
f 487/635/558 492/636/566 488/637/560
f 485/629/559 491/638/567 486/634/565
f 486/634/565 491/638/567 495/639/568
f 476/630/563 497/640/569 490/631/564
f 487/635/558 496/641/570 492/636/566
f 490/631/564 497/640/569 503/642/571
f 496/641/570 501/643/572 492/636/566
f 484/628/562 503/642/571 498/644/573
f 492/636/566 502/645/574 488/637/560
f 488/637/560 502/645/574 493/646/575
f 476/630/563 482/647/576 497/640/569
f 375/648/577 489/649/578 391/537/472
f 499/650/579 500/651/580 496/641/570
f 499/650/579 505/652/581 500/651/580
f 503/642/571 497/640/569 506/653/582
f 501/643/572 513/654/583 502/645/574
f 502/645/574 513/654/583 514/655/584
f 498/644/573 504/656/585 508/657/586
f 498/644/573 508/657/586 499/650/579
f 510/658/587 514/655/584 515/659/588
f 510/658/587 391/537/472 489/649/578
f 497/640/569 482/647/576 516/511/446
f 504/656/585 506/653/582 507/660/589
f 504/656/585 507/660/589 508/657/586
f 507/660/589 511/661/590 508/657/586
f 482/647/576 374/662/485 1113/512/447
f 513/654/583 520/517/452 514/655/584
f 507/660/589 518/521/456 511/661/590
f 507/660/589 517/663/591 518/521/456
f 520/517/452 524/664/592 514/655/584
f 512/665/593 511/661/590 519/666/594
f 506/653/582 517/663/591 507/660/589
f 524/664/592 380/535/470 515/659/588
f 511/661/590 522/514/449 519/666/594
f 519/666/594 522/514/449 523/516/451
f 516/511/446 377/532/467 517/663/591
f 813/1005/904 820/1006/905 814/1007/906
f 956/1008/907 815/1009/908 816/1010/909
f 812/1011/910 822/1012/911 819/1013/912
f 952/1014/913 817/1015/914 834/1016/915
f 952/1014/913 834/1016/915 957/1017/916
f 814/1007/906 820/1006/905 815/1009/908
f 811/1018/917 821/1019/918 822/1012/911
f 815/1009/908 826/1020/919 816/1010/909
f 822/1012/911 823/1021/920 819/1013/912
f 819/1013/912 824/1022/921 813/1005/904
f 820/1006/905 825/1023/922 826/1020/919
f 818/1024/923 827/1025/924 821/1019/918
f 957/1017/916 1161/1026/925 810/1027/926
f 825/1023/922 832/1028/927 826/1020/919
f 829/1029/928 837/1030/929 817/1015/914
f 834/1016/915 853/1031/930 957/1017/916
f 827/1025/924 838/1032/931 830/1033/932
f 826/1020/919 832/1028/927 833/1034/933
f 828/1035/934 830/1033/932 835/1036/935
f 829/1029/928 833/1034/933 837/1030/929
f 828/1035/934 835/1036/935 831/1037/936
f 823/1021/920 831/1037/936 836/1038/937
f 827/1025/924 844/1039/938 838/1032/931
f 834/1016/915 837/1030/929 853/1031/930
f 832/1028/927 842/1040/939 833/1034/933
f 831/1037/936 835/1036/935 836/1038/937
f 835/1036/935 839/1041/940 836/1038/937
f 837/1030/929 843/1042/941 853/1031/930
f 832/1028/927 840/1043/942 841/1044/943
f 830/1033/932 838/1032/931 845/1045/944
f 835/1036/935 845/1045/944 846/1046/945
f 833/1034/933 842/1040/939 843/1042/941
f 843/1042/941 852/1047/946 847/1048/947
f 839/1041/940 850/1049/948 840/1043/942
f 840/1043/942 850/1049/948 851/1050/949
f 842/1040/939 841/1044/943 852/1047/946
f 846/1046/945 854/1051/950 849/1052/951
f 847/1048/947 855/1053/952 853/1031/930
f 848/1054/953 838/1032/931 860/1055/954
f 841/1044/943 851/1050/949 852/1047/946
f 848/1054/953 860/1055/954 854/1051/950
f 848/1054/953 854/1051/950 845/1045/944
f 852/1047/946 851/1050/949 859/1056/955
f 847/1048/947 859/1056/955 855/1053/952
f 849/1052/951 854/1051/950 856/1057/956
f 844/1039/938 874/1058/957 865/1059/958
f 850/1049/948 857/1060/959 851/1050/949
f 851/1050/949 857/1060/959 859/1056/955
f 857/1060/959 858/1061/960 859/1056/955
f 854/1051/950 860/1055/954 861/1062/961
f 859/1056/955 864/1063/962 855/1053/952
f 844/1039/938 809/1064/963 874/1058/957
f 855/1053/952 864/1063/962 853/1031/930
f 859/1056/955 858/1061/960 863/1065/964
f 859/1056/955 863/1065/964 864/1063/962
f 856/1057/956 862/1066/965 857/1060/959
f 853/1031/930 864/1063/962 885/1067/966
f 858/1061/960 862/1066/965 867/1068/967
f 860/1055/954 878/1069/968 866/1070/969
f 868/1071/970 872/1072/971 863/1065/964
f 863/1065/964 872/1072/971 869/1073/972
f 863/1065/964 869/1073/972 864/1063/962
f 864/1063/962 869/1073/972 873/1074/973
f 865/1059/958 874/1058/957 878/1069/968
f 866/1070/969 875/1075/974 870/1076/975
f 870/1076/975 875/1075/974 879/1077/976
f 870/1076/975 879/1077/976 871/1078/977
f 874/1058/957 809/1064/963 888/1079/978
f 867/1068/967 876/1080/979 872/1072/971
f 876/1080/979 880/1081/980 872/1072/971
f 875/1075/974 886/1082/981 881/1083/982
f 885/1067/966 873/1074/973 884/1084/983
f 876/1080/979 882/1085/984 880/1081/980
f 872/1072/971 880/1081/980 883/1086/985
f 878/1069/968 877/1087/986 886/1082/981
f 880/1081/980 887/1088/987 883/1086/985
f 869/1073/972 883/1086/985 893/1089/988
f 882/1085/984 892/1090/989 887/1088/987
f 883/1086/985 887/1088/987 893/1089/988
f 881/1083/982 891/1091/990 879/1077/976
f 879/1077/976 892/1090/989 882/1085/984
f 877/1087/986 888/1079/978 1157/1092/991
f 885/1067/966 884/1084/983 919/1093/992
f 877/1087/986 1157/1092/991 889/1094/993
f 877/1087/986 889/1094/993 886/1082/981
f 886/1082/981 889/1094/993 890/1095/994
f 887/1088/987 898/1096/995 893/1089/988
f 881/1083/982 890/1095/994 891/1091/990
f 892/1090/989 891/1091/990 896/1097/996
f 884/1084/983 894/1098/997 905/1099/998
f 892/1090/989 896/1097/996 897/1100/999
f 890/1095/994 889/1094/993 895/1101/1000
f 895/1101/1000 902/1102/1001 903/1103/1002
f 1157/1092/991 906/1104/1003 889/1094/993
f 904/1105/1004 1158/1106/1005 900/1107/1006
f 889/1094/993 906/1104/1003 907/1108/1007
f 900/1107/1006 1158/1106/1005 910/1109/1008
f 910/1109/1008 901/1110/1009 899/1111/1010
f 1157/1092/991 1181/1112/1011 906/1104/1003
f 1158/1106/1005 914/1113/1012 910/1109/1008
f 907/1108/1007 912/1114/1013 915/1115/1014
f 908/1116/1015 913/1117/1016 909/1118/1017
f 924/1119/1018 918/1120/1019 911/1121/1020
f 911/1121/1020 925/1122/1021 919/1093/992
f 909/1118/1017 914/1113/1012 1158/1106/1005
f 910/1109/1008 914/1113/1012 917/1123/1022
f 910/1109/1008 917/1123/1022 924/1119/1018
f 913/1117/1016 916/1124/1023 909/1118/1017
f 909/1118/1017 916/1124/1023 914/1113/1012
f 913/1125/1016 922/1126/1024 926/1127/1025
f 1159/1128/1026 920/1129/1027 1181/1130/1011
f 911/1131/1020 918/1132/1019 925/1133/1021
f 919/1134/992 925/1133/1021 945/1135/1028
f 1181/1136/1011 921/1137/1029 912/1138/1013
f 912/1138/1013 921/1137/1029 915/1139/1014
f 915/1139/1014 921/1137/1029 922/1126/1024
f 918/1132/1019 924/1140/1018 929/1141/1030
f 916/1142/1023 926/1127/1025 927/1143/1031
f 916/1142/1023 927/1143/1031 923/1144/1032
f 923/1144/1032 927/1143/1031 928/1145/1033
f 922/1126/1024 921/1137/1029 930/1146/1034
f 928/1145/1033 934/1147/1035 932/1148/1036
f 929/1141/1030 932/1148/1036 935/1149/1037
f 927/1143/1031 926/1127/1025 931/1150/1038
f 926/1127/1025 933/1151/1039 931/1150/1038
f 929/1141/1030 945/1135/1028 925/1133/1021
f 921/1137/1029 920/1129/1027 936/1152/1040
f 932/1148/1036 934/1147/1035 940/1153/1041
f 940/1153/1041 935/1149/1037 932/1148/1036
f 1159/1128/1026 941/1154/1042 920/1129/1027
f 939/1155/1043 943/1156/1044 934/1147/1035
f 934/1147/1035 943/1156/1044 940/1153/1041
f 933/1151/1039 937/1157/1045 938/1158/1046
f 929/1141/1030 935/1149/1037 944/1159/1047
f 933/1151/1039 938/1158/1046 931/1150/1038
f 938/1158/1046 949/1160/1048 942/1161/1049
f 939/1155/1043 938/1158/1046 943/1156/1044
f 938/1158/1046 942/1161/1049 943/1156/1044
f 943/1156/1044 942/1161/1049 950/1162/1050
f 943/1156/1044 950/1162/1050 940/1153/1041
f 936/1152/1040 948/1163/1051 937/1157/1045
f 937/1157/1045 949/1160/1048 938/1158/1046
f 945/1135/1028 944/1159/1047 952/1014/913
f 945/1135/1028 952/1014/913 957/1017/916
f 945/1135/1028 957/1164/916 810/1165/926
f 936/1152/1040 947/1166/1052 948/1163/1051
f 948/1163/1051 947/1166/1052 1160/1167/1053
f 949/1160/1048 955/1168/1054 953/1169/1055
f 942/1161/1049 949/1160/1048 953/1169/1055
f 946/1170/1056 941/1154/1042 818/1024/923
f 942/1161/1049 953/1169/1055 954/1171/1057
f 1160/1167/1053 947/1166/1052 812/1011/910
f 1160/1167/1053 812/1011/910 955/1168/1054
f 445/587/522 446/593/528 432/583/518 437/577/512
f 515/659/588 380/535/470 391/537/472
f 377/532/467 516/511/446 376/513/448
f 522/514/449 378/522/457 385/515/450
f 517/663/591 377/532/467 381/519/454
f 523/516/451 385/515/450 379/518/453
f 524/664/592 520/517/452 379/518/453
f 518/521/456 382/520/455 521/1311/1166
f 521/1311/1166 382/520/455 383/1312/1167
f 524/664/592 379/518/453 380/535/470
f 521/1311/1166 383/1312/1167 378/522/457
f 522/514/449 521/1311/1166 378/522/457
f 379/518/453 385/515/450 390/526/461
f 380/535/470 379/518/453 386/529/464
f 385/515/450 389/531/466 390/526/461
f 381/519/454 388/525/460 382/520/455
f 383/1312/1167 382/520/455 393/528/463
f 378/522/457 383/1312/1167 393/528/463
f 378/522/457 393/528/463 384/523/458
f 381/519/454 376/513/448 392/524/459
f 389/531/466 394/534/469 396/533/468
f 390/526/461 396/533/468 395/527/462
f 380/535/470 386/529/464 401/536/471
f 389/531/466 384/523/458 394/534/469
f 396/533/468 400/545/480 408/540/475
f 388/525/460 392/524/459 398/541/476
f 395/527/462 408/540/475 397/543/478
f 395/527/462 397/543/478 386/529/464
f 394/534/469 393/528/463 1114/542/477
f 401/536/471 397/543/478 413/548/483
f 399/539/474 1114/542/477 407/552/487
f 400/545/480 399/539/474 407/552/487
f 398/541/476 404/546/481 405/549/484
f 408/540/475 412/556/491 416/553/488
f 405/549/484 409/557/492 410/554/489
f 405/549/484 410/554/489 406/547/482
f 401/536/471 413/548/483 428/544/479
f 391/537/472 428/544/479 375/1313/577
f 404/546/481 403/538/473 402/551/486
f 407/552/487 411/555/490 412/556/491
f 408/540/475 400/545/480 412/556/491
f 410/554/489 409/557/492 414/558/493
f 411/555/490 410/554/489 415/559/494
f 402/551/486 421/566/501 418/561/496
f 404/546/481 402/551/486 418/561/496
f 412/556/491 419/565/500 420/569/504
f 412/556/491 411/555/490 419/565/500
f 416/553/488 412/556/491 420/569/504
f 409/557/492 418/561/496 414/558/493
f 416/553/488 420/569/504 1115/563/498
f 420/569/504 419/565/500 424/567/502
f 418/561/496 421/566/501 422/562/497
f 414/558/493 422/562/497 423/564/499
f 413/548/483 438/570/505 428/544/479
f 419/565/500 423/564/499 424/567/502
f 424/567/502 423/564/499 425/573/508
f 421/566/501 417/560/495 433/574/509
f 424/567/502 425/573/508 431/576/511
f 424/567/502 431/576/511 426/568/503
f 422/562/497 421/566/501 429/578/513
f 420/569/504 426/568/503 427/571/506
f 422/562/497 429/578/513 430/572/507
f 1115/563/498 427/571/506 438/570/505
f 423/564/499 422/562/497 430/572/507
f 427/571/506 437/577/512 432/583/518
f 438/570/505 427/571/506 432/583/518
f 374/550/485 442/585/520 417/560/495
f 375/1313/577 428/544/479 441/581/516
f 429/578/513 434/575/510 439/589/524
f 429/578/513 439/589/524 440/579/514
f 435/580/515 440/579/514 444/586/521
f 438/570/505 447/584/519 441/581/516
f 436/582/517 435/580/515 444/586/521
f 436/582/517 445/587/522 437/577/512
f 473/616/551 468/606/541 464/609/544 472/613/548
f 432/583/518 446/593/528 447/584/519
f 444/586/521 440/579/514 449/597/532
f 434/575/510 443/588/523 439/589/524
f 448/590/525 439/589/524 452/594/529
f 440/579/514 448/590/525 449/597/532
f 443/588/523 433/574/509 455/596/531
f 445/587/522 444/586/521 453/592/527
f 446/593/528 453/592/527 461/599/534
f 449/597/532 452/594/529 457/601/536
f 450/598/533 449/597/532 457/601/536
f 375/1313/577 441/581/516 470/1314/1168
f 453/592/527 450/598/533 458/602/537
f 453/592/527 458/602/537 459/605/540
f 461/599/534 453/592/527 459/605/540
f 452/594/529 451/591/526 456/604/539
f 454/595/530 461/599/534 462/600/535
f 441/581/516 462/600/535 470/1314/1168
f 459/605/540 458/602/537 468/606/541
f 452/594/529 456/604/539 460/607/542
f 462/600/535 461/599/534 465/1315/1169
f 462/600/535 465/1315/1169 469/1316/1170
f 457/601/536 460/607/542 464/609/544
f 464/609/544 460/607/542 467/611/546
f 470/1314/1168 462/600/535 469/1316/1170
f 455/596/531 475/608/543 463/603/538
f 468/606/541 458/602/537 464/609/544
f 456/604/539 463/603/538 466/610/545
f 461/599/534 468/606/541 465/1315/1169
f 460/607/542 466/610/545 467/611/546
f 463/603/538 475/608/543 471/614/549
f 463/603/538 471/614/549 466/610/545
f 465/1315/1169 468/606/541 474/617/552
f 469/1316/1170 465/1315/1169 478/626/561
f 465/1315/1169 474/617/552 478/626/561
f 466/610/545 1116/615/550 467/611/546
f 1117/612/547 467/611/546 477/618/553
f 469/1316/1170 478/626/561 470/1314/1168
f 470/1314/1168 478/626/561 489/1319/578
f 471/614/549 475/608/543 476/1320/563
f 473/616/551 472/613/548 481/622/557
f 471/614/549 476/1320/563 483/619/554
f 442/585/520 482/1321/576 475/608/543
f 1117/612/547 477/618/553 480/621/556
f 470/1314/1168 489/1319/578 375/1313/577
f 474/617/552 473/616/551 487/623/558
f 474/617/552 487/623/558 488/625/560
f 476/1320/563 475/608/543 482/1321/576
f 478/626/561 488/625/560 493/1322/575
f 479/627/555 483/632/554 484/628/562
f 489/649/578 478/1323/561 493/646/575
f 480/1324/556 485/629/559 486/634/565
f 481/633/557 480/1324/556 486/634/565
f 483/632/554 490/631/564 484/628/562
f 485/629/559 484/628/562 494/1325/1171
f 482/647/576 442/1326/520 374/1327/485
f 491/638/567 485/629/559 494/1325/1171
f 486/634/565 495/639/568 496/641/570
f 487/635/558 486/634/565 496/641/570
f 490/631/564 503/642/571 484/628/562
f 492/636/566 501/643/572 502/645/574
f 494/1325/1171 484/628/562 498/644/573
f 493/646/575 502/645/574 510/658/587
f 489/649/578 493/646/575 510/658/587
f 491/638/567 494/1325/1171 495/639/568
f 495/639/568 499/650/579 496/641/570
f 496/641/570 500/651/580 501/643/572
f 498/644/573 503/642/571 504/656/585
f 499/650/579 494/1325/1171 498/644/573
f 495/639/568 494/1325/1171 499/650/579
f 501/643/572 500/651/580 513/654/583
f 510/658/587 502/645/574 514/655/584
f 499/650/579 508/657/586 505/652/581
f 505/652/581 508/657/586 512/665/593
f 505/652/581 512/665/593 509/1328/1172
f 500/651/580 505/652/581 509/1328/1172
f 503/642/571 506/653/582 504/656/585
f 513/654/583 500/651/580 509/1328/1172
f 512/665/593 508/657/586 511/661/590
f 516/511/446 482/647/576 1113/512/447
f 391/537/472 510/658/587 515/659/588
f 497/640/569 516/511/446 506/653/582
f 515/659/588 514/655/584 524/664/592
f 509/1328/1172 512/665/593 519/666/594
f 506/653/582 516/511/446 517/663/591
f 509/1328/1172 519/666/594 520/517/452
f 513/654/583 509/1328/1172 520/517/452
f 520/517/452 519/666/594 523/516/451
f 518/521/456 517/663/591 381/519/454
f 511/661/590 518/521/456 521/1311/1166
f 522/514/449 511/661/590 521/1311/1166
f 827/1025/924 941/1154/1042 809/1064/963 844/1039/938
f 814/1007/906 955/1168/1054 813/1005/904
f 947/1166/1052 811/1018/917 812/1011/910
f 956/1008/907 816/1010/909 817/1015/914
f 812/1011/910 811/1018/917 822/1012/911
f 817/1015/914 816/1010/909 829/1029/928
f 955/1168/1054 812/1011/910 819/1013/912
f 955/1168/1054 819/1013/912 813/1005/904
f 824/1022/921 825/1023/922 820/1006/905 813/1005/904
f 818/1024/923 941/1154/1042 827/1025/924
f 811/1018/917 818/1024/923 821/1019/918
f 815/1009/908 820/1006/905 826/1020/919
f 816/1010/909 826/1020/919 829/1029/928
f 824/1022/921 819/1013/912 823/1021/920
f 830/1033/932 828/1035/934 822/1012/911 821/1019/918
f 821/1019/918 827/1025/924 830/1033/932
f 856/1057/956 857/1060/959 850/1049/948 849/1052/951
f 823/1021/920 822/1012/911 828/1035/934
f 817/1015/914 837/1030/929 834/1016/915
f 824/1022/921 823/1021/920 825/1023/922
f 957/1017/916 853/1031/930 1161/1353/925
f 832/1028/927 825/1023/922 836/1038/937
f 829/1029/928 826/1020/919 833/1034/933
f 823/1021/920 828/1035/934 831/1037/936
f 825/1023/922 823/1021/920 836/1038/937
f 836/1038/937 840/1043/942 832/1028/927
f 839/1041/940 835/1036/935 846/1046/945
f 836/1038/937 839/1041/940 840/1043/942
f 842/1040/939 832/1028/927 841/1044/943
f 835/1036/935 830/1033/932 845/1045/944
f 837/1030/929 833/1034/933 843/1042/941
f 843/1042/941 842/1040/939 852/1047/946
f 843/1042/941 847/1048/947 853/1031/930
f 841/1044/943 840/1043/942 851/1050/949
f 845/1045/944 838/1032/931 848/1054/953
f 846/1046/945 845/1045/944 854/1051/950
f 839/1041/940 846/1046/945 849/1052/951
f 850/1049/948 839/1041/940 849/1052/951
f 847/1048/947 852/1047/946 859/1056/955
f 838/1032/931 844/1039/938 865/1059/958
f 853/1031/930 885/1067/966 1161/1353/925
f 838/1032/931 865/1059/958 860/1055/954
f 856/1057/956 854/1051/950 861/1062/961
f 904/1105/1004 897/1100/999 896/1097/996 903/1103/1002
f 857/1060/959 862/1066/965 858/1061/960
f 810/1354/926 1161/1353/925 885/1067/966
f 863/1065/964 858/1061/960 868/1071/970
f 861/1062/961 860/1055/954 866/1070/969
f 856/1057/956 861/1062/961 862/1066/965
f 860/1055/954 865/1059/958 878/1069/968
f 868/1071/970 858/1061/960 867/1068/967
f 861/1062/961 866/1070/969 862/1066/965
f 862/1066/965 866/1070/969 870/1076/975
f 862/1066/965 870/1076/975 871/1078/977
f 885/1067/966 864/1063/962 873/1074/973
f 867/1068/967 862/1066/965 871/1078/977
f 868/1071/970 867/1068/967 872/1072/971
f 878/1069/968 874/1058/957 877/1087/986
f 867/1068/967 871/1078/977 876/1080/979
f 866/1070/969 878/1069/968 875/1075/974
f 878/1069/968 886/1082/981 875/1075/974
f 869/1073/972 872/1072/971 883/1086/985
f 879/1077/976 875/1075/974 881/1083/982
f 871/1078/977 879/1077/976 882/1085/984
f 871/1078/977 882/1085/984 876/1080/979
f 880/1081/980 882/1085/984 887/1088/987
f 873/1074/973 869/1073/972 893/1089/988
f 873/1074/973 894/1098/997 884/1084/983
f 877/1087/986 874/1058/957 888/1079/978
f 881/1083/982 886/1082/981 890/1095/994
f 873/1074/973 893/1089/988 894/1098/997
f 879/1077/976 891/1091/990 892/1090/989
f 810/1354/926 885/1067/966 919/1093/992
f 887/1088/987 892/1090/989 897/1100/999
f 891/1091/990 890/1095/994 895/1101/1000
f 891/1091/990 895/1101/1000 896/1097/996
f 898/1096/995 887/1088/987 897/1100/999
f 893/1089/988 898/1096/995 899/1111/1010
f 894/1098/997 893/1089/988 899/1111/1010
f 894/1098/997 899/1111/1010 901/1110/1009
f 896/1097/996 895/1101/1000 903/1103/1002
f 905/1099/998 894/1098/997 901/1110/1009
f 911/1121/1020 919/1093/992 884/1084/983 905/1099/998
f 897/1100/999 904/1105/1004 900/1107/1006
f 898/1096/995 897/1100/999 900/1107/1006
f 895/1101/1000 889/1094/993 902/1102/1001
f 898/1096/995 900/1107/1006 899/1111/1010
f 899/1111/1010 900/1107/1006 910/1109/1008
f 903/1103/1002 902/1102/1001 908/1116/1015
f 809/1355/963 1159/1356/1026 888/1079/978
f 915/1115/1014 913/1117/1016 908/1116/1015 907/1108/1007
f 1157/1092/991 888/1079/978 1181/1112/1011
f 902/1102/1001 889/1094/993 907/1108/1007
f 902/1102/1001 907/1108/1007 908/1116/1015
f 905/1099/998 901/1110/1009 911/1121/1020
f 903/1103/1002 908/1116/1015 909/1118/1017
f 888/1079/978 1159/1356/1026 1181/1112/1011
f 903/1103/1002 909/1118/1017 904/1105/1004
f 1158/1106/1005 904/1105/1004 909/1118/1017
f 907/1108/1007 906/1104/1003 912/1114/1013
f 811/1018/917 947/1166/1052 946/1170/1056 818/1024/923
f 901/1110/1009 910/1109/1008 924/1119/1018
f 911/1121/1020 901/1110/1009 924/1119/1018
f 906/1104/1003 1181/1112/1011 912/1114/1013
f 914/1113/1012 916/1124/1023 923/1357/1032
f 916/1142/1023 913/1125/1016 926/1127/1025
f 1181/1136/1011 920/1129/1027 921/1137/1029
f 919/1134/992 945/1135/1028 810/1165/926
f 917/1358/1022 914/1359/1012 923/1144/1032
f 924/1140/1018 917/1358/1022 932/1148/1036
f 913/1125/1016 915/1139/1014 922/1126/1024
f 924/1140/1018 932/1148/1036 929/1141/1030
f 925/1133/1021 918/1132/1019 929/1141/1030
f 917/1358/1022 923/1144/1032 928/1145/1033
f 917/1358/1022 928/1145/1033 932/1148/1036
f 930/1146/1034 921/1137/1029 936/1152/1040
f 922/1126/1024 930/1146/1034 933/1151/1039
f 926/1127/1025 922/1126/1024 933/1151/1039
f 927/1143/1031 931/1150/1038 928/1145/1033
f 928/1145/1033 931/1150/1038 934/1147/1035
f 931/1150/1038 939/1155/1043 934/1147/1035
f 933/1151/1039 930/1146/1034 937/1157/1045
f 920/1129/1027 941/1154/1042 946/1170/1056
f 936/1152/1040 920/1129/1027 946/1170/1056
f 930/1146/1034 936/1152/1040 937/1157/1045
f 935/1149/1037 940/1153/1041 951/1360/1189
f 1159/1128/1026 809/1064/963 941/1154/1042
f 929/1141/1030 944/1159/1047 945/1135/1028
f 931/1150/1038 938/1158/1046 939/1155/1043
f 940/1153/1041 950/1162/1050 951/1360/1189
f 937/1157/1045 948/1163/1051 949/1160/1048
f 935/1149/1037 951/1360/1189 944/1159/1047
f 936/1152/1040 946/1170/1056 947/1166/1052
f 951/1360/1189 954/1171/1057 956/1008/907
f 951/1360/1189 956/1008/907 944/1159/1047
f 949/1160/1048 948/1163/1051 1160/1167/1053
f 949/1160/1048 1160/1167/1053 955/1168/1054
f 950/1162/1050 942/1161/1049 954/1171/1057
f 950/1162/1050 954/1171/1057 951/1360/1189
f 954/1171/1057 815/1009/908 956/1008/907
f 944/1159/1047 956/1008/907 817/1015/914
f 944/1159/1047 817/1015/914 952/1014/913
f 953/1169/1055 955/1168/1054 814/1007/906
f 954/1171/1057 953/1169/1055 814/1007/906
f 954/1171/1057 814/1007/906 815/1009/908
usemtl Material.015
f 598/667/595 603/668/596 526/669/597
f 600/670/598 528/671/599 529/672/600
f 601/673/601 529/672/600 527/674/602
f 597/675/603 602/676/604 537/677/605
f 602/676/604 531/678/606 537/677/605
f 528/671/599 533/679/607 529/672/600
f 527/674/602 1118/680/608 532/681/609
f 525/682/610 533/679/607 528/671/599
f 537/677/605 526/669/597 603/668/596
f 531/678/606 536/683/611 541/684/612
f 536/683/611 540/685/613 541/684/612
f 541/684/612 542/686/614 549/687/615
f 535/688/616 543/689/617 538/690/618
f 534/691/619 543/689/617 535/688/616
f 534/691/619 539/692/620 543/689/617
f 533/679/607 539/692/620 534/691/619
f 525/682/610 545/693/621 533/679/607
f 539/692/620 545/693/621 546/694/622
f 544/695/623 553/696/624 542/686/614
f 526/669/597 549/687/615 562/697/625
f 547/698/626 550/699/627 544/695/623
f 544/695/623 550/699/627 553/696/624
f 546/694/622 1119/700/628 547/698/626
f 547/698/626 1119/700/628 550/699/627
f 553/696/624 550/699/627 552/701/629
f 553/696/624 555/702/630 549/687/615
f 1119/700/628 554/703/631 550/699/627
f 550/699/627 554/703/631 552/701/629
f 553/696/624 552/701/629 555/702/630
f 556/704/632 557/705/633 554/703/631
f 554/703/631 557/705/633 558/706/634
f 554/703/631 558/706/634 552/701/629
f 552/701/629 558/706/634 555/702/630
f 555/702/630 558/706/634 559/707/635
f 556/704/632 560/708/636 557/705/633
f 548/709/637 563/710/638 545/693/621
f 559/707/635 1120/711/639 562/697/625
f 548/709/637 565/712/640 563/710/638
f 560/708/636 563/710/638 568/713/641
f 558/706/634 564/714/642 559/707/635
f 592/715/643 548/716/637 525/717/610
f 1120/711/639 581/718/644 562/697/625
f 561/719/645 566/720/646 567/721/647
f 560/708/636 568/713/641 566/720/646
f 567/721/647 569/722/648 564/714/642
f 564/714/642 569/722/648 1120/711/639
f 1120/711/639 573/723/649 581/718/644
f 581/718/644 598/724/595 562/697/625
f 565/712/640 570/725/650 563/710/638
f 567/721/647 576/726/651 569/722/648
f 570/725/650 571/727/652 568/713/641
f 566/720/646 571/727/652 572/728/653
f 566/720/646 572/728/653 567/721/647
f 576/726/651 577/729/654 569/722/648
f 570/725/650 574/730/655 571/727/652
f 577/729/654 578/731/656 573/723/649
f 573/723/649 578/731/656 581/718/644
f 572/728/653 575/732/657 580/733/658
f 572/728/653 580/733/658 576/726/651
f 576/726/651 580/733/658 577/729/654
f 575/732/657 582/734/659 580/733/658
f 579/735/660 582/736/659 575/737/657
f 581/738/644 591/739/661 598/667/595
f 580/740/658 582/736/659 583/741/662
f 574/742/655 586/743/663 579/735/660
f 586/743/663 1121/744/664 579/735/660
f 579/735/660 587/745/665 582/736/659
f 582/736/659 587/745/665 589/746/666
f 586/743/663 585/747/667 1121/744/664
f 587/745/665 588/748/668 589/746/666
f 589/746/666 588/748/668 595/749/669
f 584/750/670 592/751/643 585/747/667
f 587/745/665 1121/744/664 588/748/668
f 591/739/661 590/752/671 594/753/672
f 585/747/667 592/751/643 528/671/599
f 589/746/666 595/749/669 593/754/673
f 1121/744/664 601/673/601 588/748/668
f 598/667/595 594/753/672 603/668/596
f 595/749/669 596/755/674 593/754/673
f 595/749/669 599/756/675 596/755/674
f 599/756/675 530/757/676 596/755/674
f 596/755/674 530/757/676 602/676/604
f 584/1317/670 586/1318/663 574/730/655 565/712/640
f 530/757/676 599/756/675 527/674/602
f 597/675/603 537/677/605 603/668/596
f 592/751/643 525/682/610 528/671/599
f 527/674/602 529/672/600 1118/680/608
f 602/676/604 530/757/676 531/678/606
f 529/672/600 534/691/619 1118/680/608
f 530/757/676 527/674/602 532/681/609
f 530/757/676 532/681/609 536/683/611
f 531/678/606 530/757/676 536/683/611
f 529/672/600 533/679/607 534/691/619
f 532/681/609 1118/680/608 535/688/616
f 532/681/609 538/690/618 536/683/611
f 1118/680/608 534/691/619 535/688/616
f 537/677/605 531/678/606 541/684/612
f 532/681/609 535/688/616 538/690/618
f 536/683/611 538/690/618 540/685/613
f 537/677/605 541/684/612 549/687/615
f 537/677/605 549/687/615 526/669/597
f 541/684/612 540/685/613 544/695/623
f 542/686/614 541/684/612 544/695/623
f 538/690/618 543/689/617 547/698/626
f 538/690/618 547/698/626 540/685/613
f 539/692/620 546/694/622 543/689/617
f 540/685/613 547/698/626 544/695/623
f 533/679/607 545/693/621 539/692/620
f 542/686/614 553/696/624 549/687/615
f 543/689/617 546/694/622 547/698/626
f 525/682/610 548/709/637 545/693/621
f 546/694/622 545/693/621 551/1329/1173
f 546/694/622 551/1329/1173 1119/700/628
f 549/687/615 555/702/630 562/697/625
f 1119/700/628 551/1329/1173 554/703/631
f 551/1329/1173 556/704/632 554/703/631
f 551/1329/1173 545/693/621 556/704/632
f 555/702/630 559/707/635 562/697/625
f 556/704/632 545/693/621 563/710/638
f 560/708/636 556/704/632 563/710/638
f 557/705/633 560/708/636 561/719/645
f 558/706/634 557/705/633 561/719/645
f 562/697/625 598/724/595 526/669/597
f 558/706/634 561/719/645 564/714/642
f 561/719/645 560/708/636 566/720/646
f 561/719/645 567/721/647 564/714/642
f 565/712/640 548/709/637 592/715/643
f 563/710/638 570/725/650 568/713/641
f 559/707/635 564/714/642 1120/711/639
f 566/720/646 568/713/641 571/727/652
f 1120/711/639 569/722/648 573/723/649
f 567/721/647 572/728/653 576/726/651
f 569/722/648 577/729/654 573/723/649
f 571/727/652 574/730/655 575/732/657
f 571/727/652 575/732/657 572/728/653
f 565/712/640 592/715/643 584/1317/670
f 574/730/655 570/725/650 565/712/640
f 575/732/657 574/730/655 579/1330/660
f 581/718/644 578/731/656 591/1331/661
f 578/731/656 577/729/654 583/1332/662
f 577/1333/654 580/740/658 583/741/662
f 578/1334/656 583/741/662 591/739/661
f 586/743/663 584/750/670 585/747/667
f 583/741/662 590/752/671 591/739/661
f 579/735/660 1121/744/664 587/745/665
f 583/741/662 582/736/659 589/746/666
f 583/741/662 589/746/666 590/752/671
f 598/667/595 591/739/661 594/753/672
f 590/752/671 589/746/666 593/754/673
f 1121/744/664 585/747/667 601/673/601
f 594/753/672 590/752/671 597/675/603
f 588/748/668 601/673/601 599/756/675
f 595/749/669 588/748/668 599/756/675
f 585/747/667 528/671/599 600/670/598
f 601/673/601 585/747/667 600/670/598
f 590/752/671 593/754/673 597/675/603
f 594/753/672 597/675/603 603/668/596
f 593/754/673 596/755/674 602/676/604
f 597/675/603 593/754/673 602/676/604
f 601/673/601 600/670/598 529/672/600
f 599/756/675 601/673/601 527/674/602
usemtl Material.010
f 605/758/677 608/759/678 614/760/679
f 771/761/680 1149/762/681 776/763/682
f 776/763/682 612/764/683 606/765/684
f 1149/762/681 611/766/685 612/764/683
f 618/767/686 619/768/687 613/769/688
f 620/770/689 1122/771/690 1146/772/691
f 609/773/692 614/760/679 615/774/693
f 611/766/685 616/775/694 617/776/695
f 611/766/685 618/767/686 612/764/683
f 617/776/695 625/777/696 618/767/686
f 619/768/687 625/777/696 626/778/697
f 621/779/698 622/780/699 614/760/679
f 615/774/693 622/780/699 623/781/700
f 621/779/698 1122/771/690 632/782/701
f 623/781/700 622/780/699 627/783/702
f 624/784/703 630/785/704 625/777/696
f 625/777/696 1123/786/705 626/778/697
f 630/785/704 631/787/706 1123/786/705
f 1150/788/707 1156/789/708 604/790/709
f 629/791/710 635/792/711 636/793/712
f 629/791/710 637/794/713 630/785/704
f 631/787/706 637/794/713 638/795/714
f 632/782/701 633/796/715 622/780/699
f 627/783/702 633/796/715 634/797/716
f 627/783/702 635/792/711 628/798/717
f 1150/788/707 644/799/718 1122/771/690
f 1122/771/690 644/799/718 632/782/701
f 632/782/701 644/799/718 639/800/719
f 634/797/716 640/801/720 635/792/711
f 636/793/712 640/801/720 641/802/721
f 636/793/712 642/803/722 637/794/713
f 642/803/722 643/804/723 638/795/714
f 640/801/720 646/805/724 641/802/721
f 641/802/721 646/805/724 647/806/725
f 641/802/721 647/806/725 642/803/722
f 643/804/723 647/806/725 648/807/726
f 639/800/719 644/799/718 649/808/727
f 1124/809/728 645/810/729 634/797/716
f 634/797/716 645/810/729 640/801/720
f 640/801/720 645/810/729 646/805/724
f 1125/811/730 650/812/731 645/810/729
f 645/810/729 651/813/732 646/805/724
f 653/814/733 654/815/734 648/807/726
f 1151/816/735 1150/817/707 604/818/709
f 654/815/734 657/819/736 658/820/737
f 644/799/718 1151/816/735 1126/821/738
f 649/808/727 1126/821/738 659/822/739
f 650/812/731 1127/823/740 651/813/732
f 650/812/731 660/824/741 655/825/742
f 655/825/742 660/824/741 668/826/743
f 655/825/742 668/826/743 661/827/744
f 1127/823/740 662/828/745 656/829/746
f 663/830/747 670/831/748 671/832/749
f 1126/821/738 1151/816/735 1128/833/750
f 659/822/739 665/834/751 676/835/752
f 659/822/739 676/835/752 666/836/753
f 660/824/741 666/836/753 667/837/754
f 661/827/744 669/838/755 662/828/745
f 661/827/744 668/826/743 669/838/755
f 666/836/753 676/835/752 677/839/756
f 667/837/754 677/839/756 678/840/757
f 667/837/754 678/840/757 1129/841/758
f 669/838/755 1129/841/758 672/842/759
f 670/831/748 672/842/759 673/843/760
f 670/831/748 673/843/760 671/832/749
f 1152/844/761 1151/845/735 604/846/709
f 1128/833/750 675/847/762 665/834/751
f 673/843/760 680/848/763 681/849/764
f 1129/841/758 679/850/765 672/842/759
f 1129/841/758 678/840/757 679/850/765
f 672/842/759 679/850/765 680/848/763
f 677/839/756 684/851/766 678/840/757
f 679/850/765 684/851/766 685/852/767
f 680/848/763 685/852/767 686/853/768
f 1152/844/761 1130/854/769 1128/833/750
f 675/847/762 682/855/770 676/835/752
f 677/839/756 682/855/770 683/856/771
f 683/856/771 682/855/770 693/857/772
f 683/856/771 688/858/773 684/851/766
f 686/853/768 689/859/774 690/860/775
f 687/861/776 686/853/768 691/862/777
f 683/856/771 694/863/778 688/858/773
f 688/858/773 696/864/779 689/859/774
f 690/860/775 696/864/779 697/865/780
f 692/866/781 693/857/772 682/855/770
f 693/857/772 694/863/778 683/856/771
f 692/866/781 1130/854/769 699/867/782
f 699/867/782 700/868/783 693/857/772
f 693/857/772 701/869/784 694/863/778
f 695/870/785 701/869/784 1132/871/786
f 695/870/785 702/872/787 696/864/779
f 697/865/780 702/872/787 1133/873/788
f 698/874/789 703/875/790 704/876/791
f 1153/877/792 1152/878/761 604/182/709
f 1132/871/786 705/879/793 702/872/787
f 1133/873/788 705/879/793 706/880/794
f 1130/854/769 1153/877/792 708/881/795
f 700/868/783 709/882/796 701/869/784
f 701/869/784 710/883/797 1132/871/786
f 706/880/794 712/884/798 713/885/799
f 707/886/800 706/880/794 713/885/799
f 707/886/800 713/885/799 714/887/801
f 712/884/798 718/888/802 722/889/803
f 712/884/798 722/889/803 1179/890/804
f 712/884/798 719/891/805 713/885/799
f 1154/892/806 715/893/807 708/881/795
f 708/881/795 1134/894/808 700/868/783
f 710/883/797 718/888/802 711/895/809
f 716/896/810 1134/894/808 726/897/811
f 717/898/812 726/897/811 721/899/813
f 718/888/802 721/899/813 728/900/814
f 1179/890/804 722/889/803 730/901/815
f 720/902/816 723/903/817 724/904/818
f 1154/892/806 1153/905/792 604/906/709
f 1135/907/819 1137/908/820 724/904/818
f 728/900/814 729/909/821 722/889/803
f 727/910/822 1136/911/823 731/912/824
f 728/900/814 732/913/825 729/909/821
f 715/893/807 1154/892/806 740/914/826
f 726/897/811 725/915/827 1138/916/828
f 1139/917/829 1140/918/830 734/919/831
f 725/915/827 740/914/826 735/920/832
f 731/912/824 1138/916/828 736/921/833
f 732/913/825 739/922/834 733/923/835
f 736/924/833 741/925/836 742/926/837
f 737/927/838 742/926/837 746/928/839
f 1139/929/829 739/930/834 1140/931/830
f 1155/932/840 1154/933/806 604/934/709
f 740/935/826 1154/933/806 1155/932/840
f 735/936/832 741/925/836 1138/937/828
f 1141/938/841 1142/939/842 744/940/843
f 735/936/832 748/941/844 749/942/845
f 746/928/839 745/943/846 1143/944/847
f 743/945/848 746/928/839 747/946/849
f 745/943/846 750/947/850 751/948/851
f 1141/938/841 747/946/849 1142/939/842
f 741/925/836 750/947/850 742/926/837
f 1155/949/840 755/950/852 748/941/844
f 751/948/851 757/951/853 758/952/854
f 753/953/855 760/954/856 1142/939/842
f 760/954/856 761/955/857 754/956/858
f 759/957/859 758/952/854 762/958/860
f 1144/959/861 763/960/862 760/954/856
f 761/955/857 763/960/862 764/961/863
f 755/950/852 765/962/864 749/942/845
f 756/963/865 766/964/866 757/951/853
f 757/951/853 766/964/866 767/965/867
f 762/958/860 767/965/867 1148/966/868
f 762/958/860 1148/966/868 768/967/869
f 1156/968/708 1155/969/840 604/970/709
f 768/967/869 1148/966/868 772/971/870
f 768/967/869 772/971/870 773/972/871
f 769/973/872 768/967/869 773/972/871
f 769/973/872 773/972/871 774/974/873
f 755/950/852 1156/968/708 1146/772/691
f 765/962/864 1147/975/874 605/758/677
f 770/976/875 605/758/677 775/977/876
f 771/761/680 776/763/682 772/971/870
f 776/763/682 606/765/684 773/972/871
f 606/765/684 607/978/877 774/974/873
f 1147/975/874 1146/772/691 608/759/678
f 754/956/858 780/979/878 781/980/879
f 744/940/843 783/981/880 1140/931/830
f 704/876/791 791/982/881 698/874/789
f 681/849/764 794/983/882 795/984/883
f 724/904/818 786/985/884 787/986/885
f 764/961/863 778/987/886 779/988/887
f 638/795/714 802/989/888 803/990/889
f 734/919/831 784/991/890 785/992/891
f 671/832/749 797/993/892 664/994/893
f 754/956/858 781/980/879 1142/939/842
f 714/887/801 789/995/894 707/886/800
f 613/769/688 807/996/895 607/978/877
f 681/849/764 795/984/883 674/997/896
f 613/769/688 806/998/897 807/996/895
f 638/795/714 803/990/889 631/787/706
f 764/961/863 779/988/887 761/955/857
f 724/904/818 787/986/885 720/902/816
f 704/876/791 790/999/898 791/982/881
f 774/974/873 808/1000/899 777/1001/900
f 734/919/831 785/992/891 1137/908/820
f 648/807/726 801/1002/901 643/804/723
f 774/974/873 777/1001/900 769/973/872
f 714/887/801 788/1003/902 789/995/894
f 671/832/749 796/1004/903 797/993/892
f 614/760/679 609/773/692 775/977/876 605/758/677
f 1156/968/708 620/770/689 1146/772/691
f 1147/975/874 608/759/678 605/758/677
f 610/1335/1174 1149/762/681 775/977/876 609/773/692
f 621/779/698 608/759/678 1146/772/691 1122/771/690
f 1149/762/681 610/1335/1174 611/766/685
f 776/763/682 1149/762/681 612/764/683
f 607/978/877 606/765/684 612/764/683
f 607/978/877 612/764/683 613/769/688
f 612/764/683 618/767/686 613/769/688
f 615/774/693 616/775/694 610/1335/1174 609/773/692
f 608/759/678 621/779/698 614/760/679
f 623/781/700 628/798/717 616/775/694 615/774/693
f 610/1335/1174 616/775/694 611/766/685
f 618/767/686 611/766/685 617/776/695
f 649/808/727 1125/811/730 1124/809/728 639/800/719
f 616/775/694 624/784/703 617/776/695
f 624/784/703 616/775/694 628/798/717
f 625/777/696 617/776/695 624/784/703
f 619/768/687 618/767/686 625/777/696
f 614/760/679 622/780/699 615/774/693
f 620/770/689 1150/788/707 1122/771/690
f 622/780/699 621/779/698 632/782/701
f 628/798/717 623/781/700 627/783/702
f 624/784/703 628/798/717 629/791/710
f 630/785/704 624/784/703 629/791/710
f 625/777/696 630/785/704 1123/786/705
f 1150/788/707 620/770/689 1156/789/708
f 628/798/717 635/792/711 629/791/710
f 637/794/713 629/791/710 636/793/712
f 631/787/706 630/785/704 637/794/713
f 622/780/699 633/796/715 627/783/702
f 635/792/711 627/783/702 634/797/716
f 633/796/715 632/782/701 639/800/719
f 633/796/715 1124/809/728 634/797/716
f 1124/809/728 633/796/715 639/800/719
f 635/792/711 640/801/720 636/793/712
f 642/803/722 636/793/712 641/802/721
f 637/794/713 642/803/722 638/795/714
f 643/804/723 642/803/722 647/806/725
f 652/1336/1175 647/806/725 646/805/724 651/813/732
f 645/810/729 1124/809/728 1125/811/730
f 644/799/718 1126/821/738 649/808/727
f 651/813/732 645/810/729 650/812/731
f 657/819/736 653/814/733 652/1336/1175 656/829/746
f 647/806/725 652/1336/1175 653/814/733
f 647/806/725 653/814/733 648/807/726
f 1150/788/707 1151/816/735 644/799/718
f 659/822/739 660/824/741 1125/811/730 649/808/727
f 654/815/734 653/814/733 657/819/736
f 656/829/746 652/1336/1175 651/813/732 1127/823/740
f 650/812/731 1125/811/730 660/824/741
f 1127/823/740 650/812/731 655/825/742
f 663/830/747 657/819/736 656/829/746 662/828/745
f 1126/821/738 665/834/751 659/822/739
f 1127/823/740 655/825/742 661/827/744
f 662/828/745 1127/823/740 661/827/744
f 1129/841/758 669/838/755 668/826/743 667/837/754
f 657/819/736 663/830/747 658/820/737
f 658/820/737 663/830/747 664/994/893
f 662/828/745 669/838/755 663/830/747
f 663/830/747 669/838/755 670/831/748
f 664/994/893 663/830/747 671/832/749
f 665/834/751 1126/821/738 1128/833/750
f 660/824/741 659/822/739 666/836/753
f 668/826/743 660/824/741 667/837/754
f 667/837/754 666/836/753 677/839/756
f 687/861/776 681/849/764 680/848/763 686/853/768
f 670/831/748 669/838/755 672/842/759
f 671/832/749 673/843/760 674/997/896
f 1151/816/735 1152/844/761 1128/833/750
f 676/835/752 665/834/751 675/847/762
f 674/997/896 673/843/760 681/849/764
f 673/843/760 672/842/759 680/848/763
f 684/851/766 677/839/756 683/856/771
f 678/840/757 684/851/766 679/850/765
f 679/850/765 685/852/767 680/848/763
f 692/866/781 675/847/762 1128/833/750 1130/854/769
f 689/859/774 685/852/767 684/851/766 688/858/773
f 682/855/770 675/847/762 692/866/781
f 676/835/752 682/855/770 677/839/756
f 1131/1337/1176 691/862/777 690/860/775 697/865/780
f 685/852/767 689/859/774 686/853/768
f 691/862/777 686/853/768 690/860/775
f 688/858/773 694/863/778 695/870/785
f 696/864/779 688/858/773 695/870/785
f 689/859/774 696/864/779 690/860/775
f 711/895/809 705/879/793 1132/871/786 710/883/797
f 693/857/772 692/866/781 699/867/782
f 1152/844/761 1153/877/792 1130/854/769
f 693/857/772 700/868/783 701/869/784
f 694/863/778 701/869/784 695/870/785
f 702/872/787 695/870/785 1132/871/786
f 696/864/779 702/872/787 697/865/780
f 703/875/790 697/865/780 1133/873/788
f 698/874/789 1131/1337/1176 703/875/790
f 1131/1337/1176 697/865/780 703/875/790
f 702/872/787 705/879/793 1133/873/788
f 703/875/790 707/886/800 704/876/791
f 703/875/790 1133/873/788 707/886/800
f 1133/873/788 706/880/794 707/886/800
f 699/867/782 1130/854/769 708/881/795
f 699/867/782 708/881/795 700/868/783
f 1153/877/792 1154/892/806 708/881/795
f 701/869/784 709/882/796 710/883/797
f 716/896/810 709/882/796 700/868/783 1134/894/808
f 705/879/793 711/895/809 712/884/798
f 705/879/793 712/884/798 706/880/794
f 711/895/809 718/888/802 712/884/798
f 719/891/805 712/884/798 1179/890/804
f 713/885/799 720/902/816 714/887/801
f 713/885/799 719/891/805 720/902/816
f 717/898/812 710/883/797 709/882/796 716/896/810
f 1134/894/808 708/881/795 715/893/807
f 1136/911/823 727/910/822 721/899/813 726/897/811
f 710/883/797 717/898/812 718/888/802
f 716/896/810 726/897/811 717/898/812
f 718/888/802 717/898/812 721/899/813
f 722/889/803 718/888/802 728/900/814
f 719/891/805 1179/890/804 723/903/817
f 723/903/817 1179/890/804 730/901/815
f 720/902/816 719/891/805 723/903/817
f 722/889/803 729/909/821 730/901/815
f 723/903/817 1135/907/819 724/904/818
f 723/903/817 730/901/815 1135/907/819
f 715/893/807 725/915/827 1134/894/808
f 726/897/811 1134/894/808 725/915/827
f 731/912/824 1180/1338/1177 728/900/814 727/910/822
f 728/900/814 721/899/813 727/910/822
f 1136/911/823 726/897/811 1138/916/828
f 733/923/835 730/901/815 729/909/821 732/913/825
f 732/913/825 728/900/814 1180/1338/1177
f 733/923/835 1137/908/820 1135/907/819 730/901/815
f 1139/917/829 1137/908/820 733/923/835 739/922/834
f 725/915/827 715/893/807 740/914/826
f 1137/908/820 1139/917/829 734/919/831
f 736/921/833 737/1339/838 1180/1338/1177 731/912/824
f 725/915/827 735/920/832 1138/916/828
f 1136/911/823 1138/916/828 731/912/824
f 737/1339/838 738/1340/1178 732/913/825 1180/1338/1177
f 746/928/839 743/945/848 738/1341/1178 737/927/838
f 739/922/834 732/913/825 738/1340/1178
f 1138/937/828 741/925/836 736/924/833
f 737/927/838 736/924/833 742/926/837
f 743/945/848 1141/938/841 739/930/834 738/1341/1178
f 751/948/851 752/1342/1179 1143/944/847 745/943/846
f 1140/931/830 739/930/834 1141/938/841
f 735/936/832 740/935/826 748/941/844
f 1140/931/830 1141/938/841 744/940/843
f 740/935/826 1155/949/840 748/941/844
f 741/925/836 735/936/832 749/942/845
f 742/926/837 745/943/846 746/928/839
f 1141/938/841 743/945/848 747/946/849
f 742/926/837 750/947/850 745/943/846
f 752/1342/1179 753/953/855 747/946/849 1143/944/847
f 746/928/839 1143/944/847 747/946/849
f 758/952/854 759/957/859 752/1342/1179 751/948/851
f 1142/939/842 747/946/849 753/953/855
f 741/925/836 749/942/845 750/947/850
f 748/941/844 755/950/852 749/942/845
f 750/947/850 749/942/845 756/963/865
f 757/951/853 750/947/850 756/963/865
f 750/947/850 757/951/853 751/948/851
f 759/957/859 1144/959/861 753/953/855 752/1342/1179
f 762/958/860 1145/1343/1180 1144/959/861 759/957/859
f 760/954/856 753/953/855 1144/959/861
f 1142/939/842 760/954/856 754/956/858
f 770/976/875 771/761/680 1148/966/868 767/965/867
f 763/960/862 1144/959/861 1145/1343/1180
f 761/955/857 760/954/856 763/960/862
f 749/942/845 765/962/864 756/963/865
f 1155/949/840 1156/968/708 755/950/852
f 755/950/852 1147/975/874 765/962/864
f 756/963/865 765/962/864 766/964/866
f 758/952/854 757/951/853 767/965/867
f 762/958/860 758/952/854 767/965/867
f 1145/1343/1180 762/958/860 768/967/869
f 763/960/862 769/973/872 764/961/863
f 763/960/862 1145/1343/1180 769/973/872
f 769/973/872 1145/1343/1180 768/967/869
f 772/971/870 1148/966/868 771/761/680
f 1147/975/874 755/950/852 1146/772/691
f 766/964/866 765/962/864 605/758/677
f 767/965/867 766/964/866 770/976/875
f 1149/762/681 771/761/680 770/976/875 775/977/876
f 766/964/866 605/758/677 770/976/875
f 804/1344/1181 805/1345/1182 626/778/697 1123/786/705
f 772/971/870 776/763/682 773/972/871
f 773/972/871 606/765/684 774/974/873
f 1123/786/705 631/787/706 804/1344/1181
f 800/1346/1183 654/815/734 658/820/737 799/1347/1184
f 754/956/858 761/955/857 780/979/878
f 1140/931/830 783/981/880 784/1348/890
f 806/998/897 619/768/687 626/778/697 805/1345/1182
f 698/874/789 791/982/881 792/1349/1185
f 681/849/764 687/861/776 794/983/882
f 724/904/818 1137/908/820 786/985/884
f 764/961/863 769/973/872 778/987/886
f 638/795/714 643/804/723 802/989/888
f 734/919/831 1140/918/830 784/991/890
f 664/994/893 797/993/892 798/1350/1186
f 1142/939/842 781/980/879 782/1351/1187
f 707/886/800 789/995/894 790/999/898
f 792/1349/1185 793/1352/1188 691/862/777 1131/1337/1176
f 607/978/877 807/996/895 808/1000/899
f 1131/1337/1176 698/874/789 792/1349/1185
f 782/1351/1187 783/981/880 744/940/843 1142/939/842
f 800/1346/1183 801/1002/901 648/807/726 654/815/734
f 674/997/896 795/984/883 796/1004/903
f 798/1350/1186 799/1347/1184 658/820/737 664/994/893
f 613/769/688 619/768/687 806/998/897
f 631/787/706 803/990/889 804/1344/1181
f 761/955/857 779/988/887 780/979/878
f 720/902/816 787/986/885 788/1003/902
f 704/876/791 707/886/800 790/999/898
f 794/983/882 687/861/776 691/862/777 793/1352/1188
f 774/974/873 607/978/877 808/1000/899
f 1137/908/820 785/992/891 786/985/884
f 643/804/723 801/1002/901 802/989/888
f 769/973/872 777/1001/900 778/987/886
f 714/887/801 720/902/816 788/1003/902
f 671/832/749 674/997/896 796/1004/903
usemtl Material.001
f 1032/1172/1058 964/1173/1059 1033/1174/1060
f 960/1175/1061 967/1176/1062 1036/1177/1063
f 959/1178/1064 961/1179/1065 962/1180/1066
f 1027/1181/1067 971/1182/1068 958/1183/1069
f 1033/1174/1060 964/1173/1059 1162/1184/1070
f 1167/1185/1071 1032/1172/1058 1006/1186/1072
f 961/1179/1065 966/1187/1073 962/1180/1066
f 961/1179/1065 963/1188/1074 968/1189/1075
f 961/1179/1065 968/1189/1075 966/1187/1073
f 958/1183/1069 971/1182/1068 974/1190/1076
f 965/1191/1077 968/1189/1075 963/1188/1074
f 967/1176/1062 970/1192/1078 971/1182/1068
f 968/1189/1075 972/1193/1079 966/1187/1073
f 970/1192/1078 977/1194/1080 971/1182/1068
f 971/1182/1068 977/1194/1080 974/1190/1076
f 972/1193/1079 973/1195/1081 969/1196/1082
f 965/1191/1077 980/1197/1083 975/1198/1084
f 968/1189/1075 976/1199/1085 972/1193/1079
f 970/1192/1078 979/1200/1086 977/1194/1080
f 977/1194/1080 979/1200/1086 987/1201/1087
f 976/1199/1085 978/1202/1088 983/1203/1089
f 977/1194/1080 987/1201/1087 1163/1204/1090
f 976/1199/1085 981/1205/1091 973/1195/1081
f 1167/1206/1071 980/1197/1083 964/1173/1059
f 979/1200/1086 984/1207/1092 987/1201/1087
f 983/1203/1089 978/1202/1088 988/1208/1093
f 981/1205/1091 986/1209/1094 984/1207/1092
f 984/1207/1092 986/1209/1094 989/1210/1095
f 985/1211/1096 988/1208/1093 978/1202/1088
f 1163/1204/1090 987/1201/1087 982/1212/1097
f 988/1208/1093 992/1213/1098 986/1209/1094
f 986/1209/1094 992/1213/1098 991/1214/1099
f 1168/1215/1100 982/1212/1097 995/1216/1101
f 991/1214/1099 993/1217/1102 989/1210/1095
f 999/1218/1103 997/1219/1104 992/1213/1098
f 992/1213/1098 997/1219/1104 1164/1220/1105
f 990/1221/1106 1003/1222/1107 982/1212/1097
f 992/1213/1098 1164/1220/1105 991/1214/1099
f 1167/1206/1071 998/1223/1108 985/1211/1096
f 1003/1222/1107 995/1216/1101 982/1212/1097
f 991/1214/1099 1164/1220/1105 993/1217/1102
f 993/1217/1102 1164/1220/1105 996/1224/1109
f 1168/1225/1100 995/1226/1101 958/1227/1069
f 994/1228/1110 996/1224/1109 1003/1222/1107
f 1164/1220/1105 1165/1229/1111 996/1224/1109
f 1000/1230/1112 1001/1231/1113 1165/1229/1111
f 997/1219/1104 1165/1229/1111 1164/1220/1105
f 1003/1222/1107 1004/1232/1114 995/1216/1101
f 996/1224/1109 1165/1229/1111 1002/1233/1115
f 999/1218/1103 1008/1234/1116 1000/1230/1112
f 1000/1230/1112 1008/1234/1116 1001/1231/1113
f 1009/1235/1117 1010/1236/1118 1003/1222/1107
f 1165/1229/1111 1001/1231/1113 1005/1237/1119
f 1003/1222/1107 1010/1236/1118 1004/1232/1114
f 998/1223/1108 1007/1238/1120 1008/1234/1116
f 1008/1234/1116 1011/1239/1121 1001/1231/1113
f 1001/1231/1113 1011/1239/1121 1005/1237/1119
f 1005/1237/1119 1011/1239/1121 1013/1240/1122
f 998/1223/1108 1006/1241/1072 1007/1238/1120
f 1005/1237/1119 1013/1240/1122 1009/1235/1117
f 1009/1235/1117 1013/1240/1122 1012/1242/1123
f 1008/1234/1116 1007/1238/1120 1011/1239/1121
f 995/1216/1101 1017/1243/1124 958/1244/1069
f 1011/1239/1121 1014/1245/1125 1015/1246/1126
f 1011/1239/1121 1015/1246/1126 1013/1240/1122
f 1004/1232/1114 1017/1243/1124 995/1216/1101
f 1010/1236/1118 1019/1247/1127 1004/1232/1114
f 1013/1240/1122 1016/1248/1128 1012/1242/1123
f 1014/1249/1125 1020/1250/1129 1022/1251/1130
f 1012/1252/1123 1016/1253/1128 1018/1254/1131
f 1012/1252/1123 1018/1254/1131 1010/1255/1118
f 1015/1256/1126 1022/1251/1130 1021/1257/1132
f 1015/1256/1126 1021/1257/1132 1016/1253/1128
f 1016/1253/1128 1021/1257/1132 1018/1254/1131
f 1020/1250/1129 1028/1258/1133 1025/1259/1134
f 1022/1251/1130 1023/1260/1135 1021/1257/1132
f 1020/1250/1129 1032/1172/1058 1028/1258/1133
f 1022/1251/1130 1025/1259/1134 1023/1260/1135
f 1024/1261/1136 1166/1262/1137 1031/1263/1138
f 1028/1258/1133 1029/1264/1139 1025/1259/1134
f 1019/1265/1127 1026/1266/1140 1027/1181/1067
f 1023/1260/1135 1025/1259/1134 1166/1262/1137
f 1030/1267/1141 1031/1263/1138 1166/1262/1137
f 1028/1258/1133 1032/1172/1058 1033/1174/1060
f 1025/1259/1134 1030/1267/1141 1166/1262/1137
f 1031/1263/1138 1030/1267/1141 1034/1268/1142
f 1028/1258/1133 1033/1174/1060 1029/1264/1139
f 1026/1266/1140 1036/1177/1063 1027/1181/1067
f 1030/1267/1141 959/1178/1064 1034/1268/1142
f 1017/1269/1124 1027/1181/1067 958/1183/1069
f 1026/1266/1140 1034/1268/1142 1036/1177/1063
f 1029/1264/1139 1037/1270/1143 1035/1271/1144
f 1034/1268/1142 959/1178/1064 1038/1272/1145
f 1033/1174/1060 1162/1184/1070 1029/1264/1139
f 961/1179/1065 959/1178/1064 1037/1270/1143 963/1188/1074
f 1038/1272/1145 962/1180/1066 960/1175/1061
f 1038/1272/1145 959/1178/1064 962/1180/1066
f 1027/1181/1067 1036/1177/1063 971/1182/1068
f 1037/1270/1143 1162/1184/1070 963/1188/1074
f 963/1188/1074 1162/1184/1070 965/1191/1077
f 1036/1177/1063 967/1176/1062 971/1182/1068
f 1032/1172/1058 1167/1206/1071 964/1173/1059
f 1162/1184/1070 964/1173/1059 965/1191/1077
f 960/1175/1061 962/1180/1066 969/1196/1082
f 960/1175/1061 969/1196/1082 967/1176/1062
f 962/1180/1066 966/1187/1073 969/1196/1082
f 958/1183/1069 974/1190/1076 1168/1215/1100
f 967/1176/1062 969/1196/1082 970/1192/1078
f 966/1187/1073 972/1193/1079 969/1196/1082
f 964/1173/1059 980/1197/1083 965/1191/1077
f 968/1189/1075 965/1191/1077 975/1198/1084
f 969/1196/1082 973/1195/1081 970/1192/1078
f 974/1190/1076 977/1194/1080 1163/1204/1090
f 973/1195/1081 972/1193/1079 976/1199/1085
f 970/1192/1078 973/1195/1081 979/1200/1086
f 968/1189/1075 975/1198/1084 976/1199/1085
f 976/1199/1085 975/1198/1084 978/1202/1088
f 976/1199/1085 983/1203/1089 981/1205/1091
f 1168/1215/1100 974/1190/1076 982/1212/1097
f 979/1200/1086 973/1195/1081 981/1205/1091
f 975/1198/1084 980/1197/1083 978/1202/1088
f 974/1190/1076 1163/1204/1090 982/1212/1097
f 980/1197/1083 1167/1206/1071 985/1211/1096
f 979/1200/1086 981/1205/1091 984/1207/1092
f 978/1202/1088 980/1197/1083 985/1211/1096
f 981/1205/1091 983/1203/1089 986/1209/1094
f 987/1201/1087 984/1207/1092 989/1210/1095
f 986/1209/1094 983/1203/1089 988/1208/1093
f 987/1201/1087 989/1210/1095 990/1221/1106
f 987/1201/1087 990/1221/1106 982/1212/1097
f 989/1210/1095 986/1209/1094 991/1214/1099
f 988/1208/1093 985/1211/1096 992/1213/1098
f 992/1213/1098 985/1211/1096 999/1218/1103
f 989/1210/1095 993/1217/1102 994/1228/1110
f 990/1221/1106 989/1210/1095 994/1228/1110
f 990/1221/1106 994/1228/1110 1003/1222/1107
f 1167/1206/1071 1006/1241/1072 998/1223/1108
f 994/1228/1110 993/1217/1102 996/1224/1109
f 985/1211/1096 998/1223/1108 999/1218/1103
f 997/1219/1104 999/1218/1103 1000/1230/1112
f 1003/1222/1107 996/1224/1109 1002/1233/1115
f 997/1219/1104 1000/1230/1112 1165/1229/1111
f 999/1218/1103 998/1223/1108 1008/1234/1116
f 1165/1229/1111 1005/1237/1119 1002/1233/1115
f 1002/1233/1115 1005/1237/1119 1009/1235/1117
f 1003/1222/1107 1002/1233/1115 1009/1235/1117
f 1010/1236/1118 1009/1235/1117 1012/1242/1123
f 1011/1239/1121 1007/1238/1120 1014/1245/1125
f 1013/1240/1122 1015/1246/1126 1016/1248/1128
f 1007/1238/1120 1032/1361/1058 1020/1362/1129
f 1014/1245/1125 1007/1238/1120 1020/1362/1129
f 1006/1241/1072 1032/1361/1058 1007/1238/1120
f 1019/1265/1127 1010/1255/1118 1018/1254/1131
f 1015/1256/1126 1014/1249/1125 1022/1251/1130
f 1017/1269/1124 1004/1363/1114 1019/1265/1127
f 1018/1254/1131 1024/1261/1136 1019/1265/1127
f 1018/1254/1131 1021/1257/1132 1024/1261/1136
f 1022/1251/1130 1020/1250/1129 1025/1259/1134
f 1021/1257/1132 1166/1262/1137 1024/1261/1136
f 1019/1265/1127 1027/1181/1067 1017/1269/1124
f 1021/1257/1132 1023/1260/1135 1166/1262/1137
f 1024/1261/1136 1031/1263/1138 1026/1266/1140
f 1019/1265/1127 1024/1261/1136 1026/1266/1140
f 1025/1259/1134 1029/1264/1139 1035/1271/1144
f 1026/1266/1140 1031/1263/1138 1034/1268/1142
f 1025/1259/1134 1035/1271/1144 1030/1267/1141
f 1030/1267/1141 1035/1271/1144 959/1178/1064
f 1034/1268/1142 1038/1272/1145 960/1175/1061
f 1034/1268/1142 960/1175/1061 1036/1177/1063
f 1035/1271/1144 1037/1270/1143 959/1178/1064
f 1029/1264/1139 1162/1184/1070 1037/1270/1143
